{"type":"FeatureCollection","features":[{"type":"Feature","properties":{"district":"Akola"},"geometry":{"type":"MultiPolygon","coordinates":[[[[77.0489,21.2377],[77.0493,21.2356],[77.0512,21.2331],[77.0562,21.2335],[77.0597,21.2314],[77.0616,21.2249],[77.0653,21.2224],[77.0666,21.2202],[77.0686,21.2201],[77.0691,21.2211],[77.0719,21.2218],[77.0752,21.2214],[77.077,21.2206],[77.0795,21.2168],[77.0807,21.2164],[77.0848,21.2197],[77.0857,21.2219],[77.0889,21.2223],[77.0904,21.2245],[77.0931,21.2263],[77.0955,21.2262],[77.0975,21.2239],[77.1034,21.2219],[77.1061,21.2217],[77.1091,21.2189],[77.1179,21.2197],[77.1191,21.2245],[77.1257,21.2247],[77.1271,21.2235],[77.1274,21.2208],[77.1303,21.2204],[77.1356,21.2242],[77.1385,21.2242],[77.1397,21.226],[77.1422,21.227],[77.1487,21.2276],[77.1504,21.2323],[77.1513,21.2323],[77.1514,21.2333],[77.1534,21.2345],[77.1563,21.2352],[77.1628,21.2348],[77.1663,21.2376],[77.1648,21.2432],[77.1726,21.2436],[77.174,21.2426],[77.1771,21.2426],[77.1802,21.2414],[77.1903,21.2429],[77.1925,21.2414],[77.1927,21.2386],[77.1937,21.2365],[77.1918,21.2343],[77.1922,21.2317],[77.1907,21.2287],[77.1767,21.2249],[77.1741,21.2235],[77.1745,21.2216],[77.1765,21.2212],[77.1778,21.2193],[77.1778,21.2169],[77.1767,21.2137],[77.1773,21.2114],[77.1758,21.2082],[77.182,21.2076],[77.1837,21.2013],[77.1833,21.1998],[77.1814,21.1996],[77.1798,21.1963],[77.1785,21.1955],[77.1787,21.1929],[77.1797,21.191],[77.1729,21.1914],[77.1722,21.1867],[77.1683,21.1871],[77.1682,21.1861],[77.167,21.1862],[77.1662,21.1844],[77.1655,21.1772],[77.1641,21.1756],[77.163,21.1705],[77.161,21.1676],[77.1611,21.1671],[77.1665,21.1665],[77.1658,21.1653],[77.1675,21.1648],[77.1674,21.163],[77.166,21.1563],[77.1647,21.1564],[77.1645,21.1509],[77.1632,21.1511],[77.1628,21.1468],[77.1596,21.1463],[77.1595,21.1455],[77.1602,21.1447],[77.1662,21.1441],[77.1631,21.1363],[77.1649,21.1359],[77.1832,21.1344],[77.1924,21.1354],[77.1933,21.1393],[77.1963,21.1389],[77.1962,21.1205],[77.1913,21.1214],[77.1912,21.1208],[77.1849,21.1213],[77.184,21.1211],[77.1843,21.1204],[77.1837,21.1201],[77.1797,21.1198],[77.1796,21.1191],[77.1717,21.1186],[77.1725,21.1081],[77.1715,21.0948],[77.1718,21.0924],[77.1731,21.0925],[77.1733,21.0911],[77.1756,21.0896],[77.1761,21.0869],[77.1757,21.0863],[77.1771,21.0856],[77.1759,21.083],[77.1766,21.0797],[77.1753,21.0775],[77.176,21.0774],[77.1763,21.076],[77.1756,21.075],[77.1759,21.0739],[77.1753,21.0735],[77.1766,21.0724],[77.174,21.0714],[77.1697,21.0732],[77.1551,21.072],[77.1501,21.0722],[77.1502,21.0674],[77.1511,21.0625],[77.152,21.0615],[77.1506,21.0544],[77.1518,21.0478],[77.1504,21.0451],[77.1502,21.0413],[77.1494,21.0391],[77.1508,21.0371],[77.1507,21.0349],[77.1496,21.034],[77.1618,21.0295],[77.1605,21.0266],[77.161,21.0262],[77.1728,21.0238],[77.171,21.0105],[77.1697,21.0109],[77.1658,20.9984],[77.1682,20.9983],[77.1685,20.9977],[77.1677,20.9887],[77.1591,20.9887],[77.1457,20.9898],[77.1419,20.9891],[77.1335,20.9889],[77.1329,20.9762],[77.1386,20.9743],[77.1599,20.9713],[77.1563,20.9625],[77.1537,20.9626],[77.1511,20.9491],[77.1498,20.9481],[77.1493,20.9447],[77.1468,20.9378],[77.1445,20.9216],[77.138,20.922],[77.1375,20.9183],[77.1354,20.9184],[77.1349,20.9112],[77.1354,20.9003],[77.1358,20.8993],[77.1376,20.8984],[77.1371,20.8975],[77.1369,20.884],[77.1357,20.8837],[77.1355,20.8817],[77.1368,20.8813],[77.1375,20.8801],[77.1369,20.8793],[77.1316,20.8798],[77.1322,20.8774],[77.1319,20.8706],[77.1316,20.8682],[77.1295,20.8632],[77.1367,20.8611],[77.1405,20.8637],[77.1426,20.8638],[77.1516,20.8616],[77.1522,20.8597],[77.1535,20.8592],[77.1553,20.8595],[77.1582,20.8623],[77.1559,20.867],[77.1565,20.8688],[77.1587,20.8706],[77.162,20.8696],[77.1647,20.8635],[77.1696,20.8609],[77.1704,20.8598],[77.169,20.8558],[77.1692,20.8544],[77.1762,20.8527],[77.1801,20.8504],[77.1829,20.8506],[77.1902,20.8534],[77.1961,20.8541],[77.2015,20.8528],[77.2031,20.8515],[77.207,20.8508],[77.2087,20.8495],[77.2115,20.8485],[77.2126,20.8489],[77.2161,20.8579],[77.2217,20.8585],[77.2232,20.8583],[77.2269,20.8558],[77.2327,20.8565],[77.2389,20.8562],[77.2448,20.8529],[77.2472,20.8529],[77.2506,20.8556],[77.2518,20.8555],[77.2537,20.8541],[77.2551,20.8521],[77.2561,20.8474],[77.258,20.8457],[77.2607,20.8458],[77.2627,20.8496],[77.2646,20.8512],[77.2711,20.8531],[77.2735,20.8525],[77.2774,20.8496],[77.2815,20.8487],[77.2835,20.8471],[77.2858,20.8464],[77.2867,20.8466],[77.2892,20.8498],[77.2945,20.8487],[77.2993,20.8496],[77.3028,20.8492],[77.307,20.8513],[77.3086,20.8536],[77.3122,20.854],[77.3134,20.8575],[77.3145,20.8579],[77.3184,20.8559],[77.318,20.8515],[77.3193,20.8508],[77.3207,20.8515],[77.3206,20.8534],[77.3196,20.8554],[77.3209,20.8556],[77.3259,20.8538],[77.3263,20.8506],[77.3273,20.8492],[77.3297,20.8476],[77.3332,20.8466],[77.3363,20.8436],[77.3374,20.8434],[77.3415,20.8451],[77.3445,20.8431],[77.3507,20.8471],[77.3534,20.8481],[77.3569,20.8475],[77.3628,20.8478],[77.3712,20.8455],[77.373,20.8433],[77.3747,20.8428],[77.3784,20.8425],[77.3841,20.8434],[77.3858,20.8453],[77.3873,20.8457],[77.3893,20.8453],[77.3915,20.8414],[77.3943,20.8409],[77.3955,20.8416],[77.3957,20.8442],[77.3995,20.8461],[77.4121,20.8459],[77.4129,20.8427],[77.418,20.8428],[77.4197,20.8433],[77.4211,20.8451],[77.4238,20.8465],[77.4249,20.8479],[77.4261,20.8477],[77.4268,20.8463],[77.428,20.8456],[77.4322,20.8469],[77.4324,20.8436],[77.4337,20.8425],[77.4359,20.8439],[77.4357,20.8471],[77.4375,20.8539],[77.4401,20.8532],[77.4424,20.8513],[77.4444,20.8527],[77.4478,20.8522],[77.4504,20.8558],[77.4514,20.8561],[77.4539,20.8588],[77.4534,20.8609],[77.454,20.861],[77.4549,20.8581],[77.4553,20.8612],[77.4575,20.8637],[77.4577,20.8674],[77.4597,20.8667],[77.4606,20.8672],[77.4576,20.8712],[77.4627,20.8719],[77.4634,20.8738],[77.4609,20.8751],[77.4607,20.8758],[77.4641,20.8781],[77.4651,20.8796],[77.4658,20.88],[77.4664,20.8793],[77.4654,20.8766],[77.4678,20.876],[77.4696,20.8783],[77.4724,20.8764],[77.4745,20.8761],[77.4749,20.8773],[77.4737,20.8784],[77.4742,20.8794],[77.4797,20.879],[77.4757,20.8659],[77.4756,20.8608],[77.477,20.8608],[77.4775,20.8627],[77.4817,20.8626],[77.4995,20.8601],[77.4991,20.857],[77.5152,20.8537],[77.5166,20.8511],[77.5227,20.8509],[77.5229,20.852],[77.5268,20.8517],[77.5269,20.85],[77.5329,20.8503],[77.5331,20.8547],[77.5404,20.8549],[77.5409,20.856],[77.5507,20.8546],[77.5514,20.8486],[77.5514,20.8402],[77.5535,20.8247],[77.5594,20.8241],[77.5586,20.8228],[77.561,20.8188],[77.5631,20.8183],[77.5653,20.8186],[77.5677,20.814],[77.5692,20.8085],[77.5814,20.8082],[77.586,20.8088],[77.5875,20.8081],[77.5926,20.8104],[77.593,20.8075],[77.5927,20.8048],[77.5976,20.8038],[77.598,20.803],[77.6029,20.8009],[77.6102,20.7997],[77.6113,20.7786],[77.6194,20.7794],[77.6171,20.7727],[77.6161,20.7653],[77.6142,20.7594],[77.6198,20.7568],[77.6192,20.7531],[77.6184,20.7532],[77.618,20.7503],[77.6157,20.7431],[77.6146,20.7366],[77.6129,20.7365],[77.6105,20.7176],[77.5982,20.7184],[77.5983,20.72],[77.5936,20.7229],[77.5908,20.7264],[77.5779,20.7269],[77.5774,20.7192],[77.5759,20.7184],[77.5746,20.7141],[77.573,20.7054],[77.5653,20.7075],[77.5634,20.701],[77.5497,20.7039],[77.5456,20.7026],[77.5266,20.7015],[77.5235,20.6973],[77.5396,20.6965],[77.5411,20.688],[77.5428,20.6846],[77.5432,20.6783],[77.5381,20.6776],[77.5223,20.6807],[77.5139,20.6817],[77.5131,20.6783],[77.5148,20.676],[77.5153,20.6733],[77.5108,20.6644],[77.504,20.6649],[77.503,20.6716],[77.5013,20.6719],[77.5009,20.6749],[77.4939,20.681],[77.4931,20.6829],[77.484,20.6817],[77.481,20.6821],[77.4838,20.6632],[77.4857,20.6623],[77.4847,20.6571],[77.4832,20.6571],[77.4786,20.6551],[77.4692,20.6569],[77.4691,20.6581],[77.4636,20.6602],[77.4614,20.6659],[77.4576,20.6647],[77.4538,20.6647],[77.4526,20.6569],[77.4406,20.6603],[77.4309,20.6623],[77.4303,20.6606],[77.4326,20.6575],[77.4384,20.6532],[77.4391,20.6497],[77.4386,20.6425],[77.4426,20.6423],[77.4438,20.6415],[77.4453,20.6393],[77.4518,20.6382],[77.4505,20.6297],[77.4542,20.6266],[77.4565,20.6282],[77.4581,20.6282],[77.46,20.624],[77.4593,20.6216],[77.4597,20.6192],[77.4661,20.6182],[77.4671,20.6109],[77.4619,20.6109],[77.4618,20.6102],[77.4598,20.6097],[77.4534,20.6108],[77.4425,20.6105],[77.436,20.6122],[77.431,20.6123],[77.4241,20.61],[77.4109,20.6069],[77.4142,20.6038],[77.4144,20.602],[77.413,20.594],[77.4099,20.5945],[77.4093,20.5871],[77.4045,20.5869],[77.3994,20.5853],[77.3978,20.5843],[77.3957,20.5798],[77.3937,20.5802],[77.3936,20.5809],[77.3848,20.5818],[77.3763,20.5816],[77.3657,20.5834],[77.3664,20.5812],[77.3657,20.5778],[77.3621,20.5676],[77.3553,20.5684],[77.3499,20.5699],[77.3394,20.5753],[77.3381,20.5714],[77.3354,20.5486],[77.3412,20.5474],[77.3406,20.5446],[77.3371,20.5375],[77.3363,20.5258],[77.3487,20.5215],[77.3644,20.5182],[77.3671,20.5194],[77.3683,20.5255],[77.3737,20.5247],[77.3818,20.5245],[77.3865,20.5251],[77.3874,20.5256],[77.3957,20.5254],[77.389,20.5017],[77.3872,20.4976],[77.3841,20.4955],[77.3832,20.4869],[77.3816,20.4831],[77.3702,20.481],[77.3679,20.48],[77.3702,20.4876],[77.3693,20.4919],[77.3693,20.4927],[77.37,20.4929],[77.3699,20.4957],[77.368,20.4965],[77.3629,20.4975],[77.3623,20.4971],[77.3516,20.4973],[77.3404,20.4964],[77.3275,20.498],[77.3271,20.4936],[77.3248,20.487],[77.3392,20.4838],[77.3441,20.4805],[77.3437,20.4799],[77.3445,20.4781],[77.3438,20.4775],[77.3434,20.4716],[77.3332,20.4726],[77.3324,20.4701],[77.3298,20.4686],[77.3263,20.4648],[77.3255,20.4627],[77.3262,20.4587],[77.3246,20.4521],[77.3255,20.4503],[77.3181,20.4506],[77.3157,20.4521],[77.3138,20.4523],[77.314,20.4497],[77.3111,20.449],[77.3097,20.4479],[77.3073,20.4481],[77.3031,20.4461],[77.298,20.4459],[77.2961,20.4394],[77.2956,20.4286],[77.2966,20.425],[77.296,20.4221],[77.2938,20.4207],[77.2891,20.4189],[77.2858,20.4192],[77.2846,20.4183],[77.2818,20.4189],[77.2793,20.4228],[77.2777,20.4236],[77.2773,20.4275],[77.2778,20.4306],[77.2743,20.4316],[77.2734,20.4327],[77.2713,20.4384],[77.2713,20.4416],[77.2672,20.4485],[77.2663,20.4586],[77.2551,20.4578],[77.2468,20.4597],[77.2457,20.4603],[77.2463,20.4642],[77.2457,20.4671],[77.2468,20.4724],[77.2402,20.4737],[77.2328,20.4729],[77.2296,20.4734],[77.2282,20.4691],[77.2275,20.4623],[77.2257,20.4557],[77.2252,20.4474],[77.222,20.4482],[77.216,20.4472],[77.2125,20.4479],[77.2095,20.445],[77.2064,20.448],[77.2021,20.4486],[77.2017,20.4496],[77.1958,20.4491],[77.1898,20.4469],[77.1856,20.4474],[77.1823,20.4373],[77.1829,20.4317],[77.1886,20.43],[77.1909,20.4236],[77.1922,20.4241],[77.1972,20.4238],[77.1972,20.4222],[77.197,20.4152],[77.1951,20.4092],[77.1914,20.4023],[77.1895,20.4024],[77.1851,20.3984],[77.1816,20.3985],[77.1812,20.3975],[77.1804,20.3975],[77.175,20.4],[77.1743,20.4009],[77.1713,20.4012],[77.1706,20.4011],[77.1705,20.3996],[77.1695,20.3992],[77.1626,20.3986],[77.1598,20.3993],[77.1515,20.3991],[77.1521,20.3926],[77.1503,20.39],[77.1456,20.3864],[77.144,20.3805],[77.1421,20.3802],[77.1381,20.3851],[77.1378,20.3885],[77.1365,20.3914],[77.1355,20.3916],[77.1342,20.3903],[77.1319,20.3904],[77.1326,20.3952],[77.1304,20.3989],[77.1273,20.399],[77.1211,20.4028],[77.1202,20.4111],[77.1159,20.408],[77.1132,20.4116],[77.1049,20.411],[77.1029,20.4152],[77.0852,20.4194],[77.0852,20.4223],[77.0796,20.4239],[77.0786,20.4227],[77.0772,20.4156],[77.0731,20.4015],[77.0745,20.3936],[77.0812,20.3905],[77.0811,20.389],[77.0797,20.3867],[77.0781,20.3862],[77.0733,20.3865],[77.0727,20.3854],[77.0687,20.3853],[77.0678,20.3834],[77.0683,20.3829],[77.0625,20.3814],[77.0482,20.3864],[77.0453,20.3865],[77.0456,20.3934],[77.0498,20.4018],[77.051,20.4074],[77.0468,20.4158],[77.0471,20.4193],[77.0493,20.4218],[77.0498,20.4235],[77.0597,20.4394],[77.059,20.4454],[77.0573,20.4471],[77.0448,20.4497],[77.0273,20.4504],[77.0223,20.4499],[77.022,20.4476],[77.0224,20.4462],[77.0214,20.4432],[77.0183,20.4379],[77.0145,20.4343],[77.0137,20.4317],[77.0145,20.4304],[77.0146,20.429],[77.0132,20.4212],[77.0145,20.4127],[77.0035,20.4148],[77.002,20.4128],[77.0018,20.4114],[76.9977,20.4103],[76.9955,20.4091],[76.9936,20.409],[76.9931,20.4071],[76.9914,20.4062],[76.991,20.4043],[76.9918,20.4028],[76.9939,20.4016],[76.9958,20.398],[76.9953,20.3936],[76.9944,20.3931],[76.9905,20.3947],[76.9894,20.3945],[76.9863,20.3892],[76.9815,20.3884],[76.9811,20.3878],[76.9816,20.3814],[76.981,20.3801],[76.9767,20.3813],[76.9745,20.3804],[76.9736,20.3775],[76.9742,20.3762],[76.978,20.3728],[76.978,20.3703],[76.9726,20.3694],[76.969,20.3678],[76.9647,20.3676],[76.9594,20.3656],[76.9571,20.3635],[76.955,20.3639],[76.9533,20.3635],[76.9514,20.3649],[76.9491,20.3656],[76.947,20.3647],[76.9431,20.3654],[76.9404,20.369],[76.9362,20.3706],[76.9333,20.3668],[76.9316,20.3582],[76.932,20.357],[76.9306,20.3572],[76.9298,20.3558],[76.9247,20.3576],[76.9232,20.359],[76.9195,20.3596],[76.9167,20.3514],[76.9145,20.3506],[76.9099,20.3471],[76.9048,20.3445],[76.8967,20.3344],[76.8962,20.3288],[76.8935,20.3222],[76.8927,20.3225],[76.8917,20.3208],[76.8926,20.3183],[76.8915,20.317],[76.895,20.3163],[76.9024,20.3132],[76.9088,20.3131],[76.8933,20.3041],[76.8808,20.2942],[76.8776,20.288],[76.8804,20.2867],[76.8821,20.285],[76.8804,20.2825],[76.8802,20.2797],[76.8728,20.2752],[76.8687,20.2779],[76.8658,20.2821],[76.8654,20.2851],[76.8658,20.2906],[76.8621,20.2967],[76.8582,20.2994],[76.8522,20.3002],[76.8503,20.2976],[76.8497,20.298],[76.8378,20.2961],[76.8368,20.2943],[76.8382,20.2906],[76.838,20.2891],[76.8354,20.2877],[76.8328,20.2844],[76.8323,20.2828],[76.8298,20.2814],[76.8247,20.2809],[76.8233,20.2799],[76.8201,20.2799],[76.8194,20.2806],[76.8117,20.278],[76.8059,20.2883],[76.8044,20.2867],[76.791,20.2869],[76.7861,20.2894],[76.7869,20.2976],[76.7881,20.3015],[76.7879,20.3067],[76.7886,20.3099],[76.7889,20.3106],[76.7901,20.3109],[76.7923,20.3142],[76.7847,20.318],[76.768,20.3217],[76.7656,20.3163],[76.7537,20.3267],[76.7442,20.3276],[76.7426,20.3288],[76.7425,20.3302],[76.7442,20.3295],[76.7445,20.3305],[76.7452,20.33],[76.7451,20.3374],[76.7351,20.3399],[76.727,20.3373],[76.7284,20.3429],[76.713,20.3484],[76.6999,20.352],[76.7046,20.3624],[76.7049,20.3745],[76.7096,20.3803],[76.7088,20.3846],[76.7094,20.3853],[76.7146,20.3856],[76.7234,20.3896],[76.7268,20.3986],[76.7265,20.4071],[76.7247,20.4078],[76.7244,20.4092],[76.7222,20.4116],[76.7228,20.4154],[76.7199,20.4157],[76.72,20.4171],[76.7194,20.4172],[76.7192,20.4183],[76.7127,20.4186],[76.713,20.4316],[76.7142,20.4352],[76.7138,20.4384],[76.7115,20.4391],[76.7107,20.4403],[76.7077,20.4421],[76.708,20.4435],[76.702,20.4497],[76.701,20.4525],[76.6987,20.4556],[76.6961,20.4578],[76.6931,20.4591],[76.6997,20.4712],[76.7065,20.471],[76.71,20.4721],[76.7114,20.4733],[76.7085,20.4755],[76.7061,20.4794],[76.7057,20.4873],[76.7076,20.4964],[76.7107,20.5059],[76.7157,20.5154],[76.7173,20.5138],[76.7221,20.5141],[76.726,20.5166],[76.7266,20.516],[76.7254,20.5134],[76.7258,20.5124],[76.7313,20.5135],[76.7354,20.5114],[76.7373,20.5053],[76.7373,20.4975],[76.7379,20.4967],[76.7374,20.495],[76.7336,20.4931],[76.7353,20.4931],[76.7416,20.4947],[76.7451,20.4967],[76.7455,20.4954],[76.7467,20.4955],[76.7472,20.498],[76.7521,20.5028],[76.7519,20.5102],[76.7524,20.5112],[76.7545,20.5115],[76.7576,20.51],[76.7602,20.5101],[76.7624,20.511],[76.7704,20.5179],[76.7697,20.5188],[76.7706,20.5282],[76.7704,20.5367],[76.772,20.5451],[76.7777,20.5558],[76.7802,20.5662],[76.7831,20.5725],[76.771,20.5739],[76.769,20.5744],[76.7688,20.5757],[76.7708,20.577],[76.7721,20.5792],[76.7736,20.5803],[76.7767,20.5872],[76.7871,20.5868],[76.7878,20.5873],[76.7863,20.5897],[76.7864,20.5912],[76.7889,20.5952],[76.7847,20.5991],[76.7832,20.6021],[76.7818,20.6033],[76.7685,20.6025],[76.7606,20.6028],[76.7635,20.6126],[76.7703,20.6246],[76.7706,20.6263],[76.7499,20.6301],[76.7519,20.634],[76.7518,20.6349],[76.7532,20.6364],[76.7527,20.6388],[76.7562,20.6446],[76.7556,20.6461],[76.7567,20.6463],[76.7573,20.6477],[76.7588,20.6487],[76.7601,20.6489],[76.7591,20.6517],[76.7573,20.6532],[76.7573,20.6553],[76.7559,20.656],[76.7548,20.6559],[76.7536,20.6546],[76.7518,20.6551],[76.7323,20.6557],[76.736,20.6649],[76.7383,20.6642],[76.7388,20.6664],[76.7408,20.6795],[76.7382,20.6797],[76.7394,20.6872],[76.7228,20.69],[76.7257,20.7002],[76.729,20.6989],[76.7327,20.6963],[76.7353,20.7116],[76.7352,20.7155],[76.7358,20.7163],[76.7374,20.7154],[76.7512,20.7154],[76.7512,20.717],[76.7551,20.718],[76.759,20.7199],[76.7634,20.7203],[76.7638,20.7247],[76.7632,20.7264],[76.7571,20.7285],[76.7557,20.7304],[76.756,20.7325],[76.754,20.7373],[76.754,20.7386],[76.7577,20.7474],[76.7578,20.7524],[76.7638,20.7563],[76.7709,20.764],[76.7729,20.7733],[76.7729,20.7766],[76.7714,20.7805],[76.7692,20.7826],[76.7673,20.7867],[76.7663,20.791],[76.7647,20.7931],[76.7625,20.7948],[76.7574,20.7948],[76.7445,20.7969],[76.7451,20.8026],[76.7445,20.8029],[76.7471,20.8175],[76.7455,20.8176],[76.7454,20.8238],[76.7542,20.8249],[76.7513,20.8318],[76.751,20.8352],[76.7538,20.8385],[76.7553,20.839],[76.7554,20.8463],[76.7582,20.846],[76.7578,20.8475],[76.7584,20.8486],[76.7607,20.8493],[76.7612,20.8503],[76.7604,20.8538],[76.7635,20.8545],[76.7644,20.8571],[76.7545,20.8646],[76.7545,20.8694],[76.7534,20.8739],[76.75,20.8714],[76.7478,20.8707],[76.7462,20.8714],[76.7456,20.873],[76.7472,20.8751],[76.7474,20.8766],[76.7446,20.8807],[76.7452,20.8848],[76.7446,20.8873],[76.742,20.8883],[76.7367,20.8878],[76.734,20.8891],[76.7328,20.8882],[76.7321,20.8861],[76.7301,20.8841],[76.7267,20.8836],[76.7217,20.8901],[76.7186,20.8907],[76.7178,20.8914],[76.7185,20.8976],[76.7179,20.8984],[76.7143,20.8988],[76.707,20.9026],[76.7079,20.9061],[76.7074,20.9075],[76.7048,20.9077],[76.6979,20.9061],[76.6958,20.9065],[76.6955,20.9076],[76.6987,20.9121],[76.6931,20.9154],[76.6911,20.9178],[76.6954,20.92],[76.6991,20.9206],[76.7119,20.921],[76.7151,20.9196],[76.7171,20.9174],[76.7189,20.9174],[76.7263,20.9203],[76.7321,20.9203],[76.7332,20.9212],[76.7342,20.9238],[76.7357,20.9249],[76.7445,20.9286],[76.7465,20.9281],[76.7498,20.9233],[76.7536,20.9211],[76.7572,20.9213],[76.7634,20.9232],[76.7671,20.9234],[76.7744,20.9212],[76.7772,20.916],[76.7801,20.9151],[76.7805,20.9139],[76.7796,20.9127],[76.7759,20.9115],[76.7749,20.9104],[76.7753,20.909],[76.7812,20.9078],[76.7841,20.9081],[76.7873,20.911],[76.7902,20.9156],[76.7903,20.9171],[76.7877,20.9174],[76.787,20.9203],[76.7873,20.9245],[76.7883,20.9258],[76.7881,20.9279],[76.7858,20.928],[76.7861,20.9289],[76.784,20.9304],[76.7814,20.9299],[76.7795,20.9311],[76.7771,20.9289],[76.7759,20.93],[76.7758,20.9314],[76.7778,20.9334],[76.7799,20.9376],[76.7822,20.9403],[76.7819,20.941],[76.7866,20.94],[76.7891,20.9536],[76.7894,20.959],[76.7887,20.9591],[76.7891,20.9625],[76.8006,20.9602],[76.8059,20.9572],[76.8092,20.9566],[76.8101,20.959],[76.8086,20.9599],[76.8114,20.9602],[76.8112,20.9614],[76.8082,20.9628],[76.8084,20.9663],[76.8077,20.9669],[76.8089,20.9671],[76.8089,20.9679],[76.8117,20.9676],[76.8119,20.9688],[76.8079,20.9692],[76.8059,20.9709],[76.8062,20.9718],[76.8046,20.9724],[76.7983,20.9727],[76.7974,20.9715],[76.784,20.9728],[76.7835,20.9791],[76.7841,20.9892],[76.7759,20.9901],[76.7757,20.996],[76.7771,20.9989],[76.7785,21.0001],[76.7843,21.0006],[76.7895,21.002],[76.7898,21.0027],[76.794,21.0032],[76.7962,21.004],[76.7958,21.006],[76.7949,21.0065],[76.7962,21.0083],[76.7959,21.0094],[76.7966,21.0094],[76.7973,21.0108],[76.7966,21.0123],[76.7979,21.0137],[76.7969,21.016],[76.7985,21.018],[76.7985,21.019],[76.795,21.021],[76.7943,21.0227],[76.7931,21.0235],[76.7939,21.0271],[76.7781,21.0284],[76.7772,21.024],[76.7719,21.024],[76.773,21.0271],[76.7735,21.0311],[76.7716,21.033],[76.7714,21.0369],[76.7636,21.0374],[76.7637,21.0386],[76.7679,21.041],[76.7697,21.0437],[76.7714,21.044],[76.7719,21.0449],[76.7733,21.0449],[76.7751,21.0465],[76.7739,21.0478],[76.7745,21.0481],[76.7743,21.0489],[76.7755,21.0508],[76.775,21.0522],[76.7813,21.0513],[76.785,21.072],[76.7766,21.0737],[76.7757,21.0744],[76.774,21.0769],[76.7733,21.0845],[76.774,21.0868],[76.7762,21.0886],[76.7813,21.0899],[76.7829,21.0911],[76.7834,21.0966],[76.7857,21.0993],[76.7869,21.1024],[76.7889,21.1045],[76.7891,21.1095],[76.7874,21.1118],[76.7876,21.115],[76.7904,21.1194],[76.7907,21.1209],[76.7905,21.1227],[76.7891,21.1236],[76.7864,21.1239],[76.7846,21.1252],[76.7828,21.1292],[76.7818,21.1359],[76.7808,21.1369],[76.7777,21.138],[76.7757,21.1405],[76.7788,21.1453],[76.7792,21.149],[76.7784,21.15],[76.7777,21.1498],[76.776,21.1477],[76.7736,21.1474],[76.7723,21.1481],[76.7718,21.1492],[76.772,21.1535],[76.7742,21.1564],[76.7741,21.1573],[76.7749,21.1572],[76.7758,21.1598],[76.7757,21.1646],[76.7781,21.1647],[76.7776,21.1672],[76.7757,21.1708],[76.7716,21.1763],[76.7712,21.1828],[76.7729,21.1849],[76.7752,21.1867],[76.7799,21.1876],[76.7817,21.1886],[76.7845,21.1883],[76.7868,21.1872],[76.7899,21.1829],[76.7964,21.1835],[76.8158,21.1875],[76.8285,21.1852],[76.833,21.1853],[76.8381,21.1882],[76.8436,21.1901],[76.8478,21.1928],[76.8544,21.187],[76.8573,21.1894],[76.868,21.1906],[76.8724,21.1917],[76.8728,21.1905],[76.8802,21.1923],[76.8796,21.193],[76.8832,21.1939],[76.8892,21.1945],[76.8895,21.1966],[76.8928,21.1969],[76.8959,21.1984],[76.9022,21.1984],[76.9054,21.2],[76.9095,21.2004],[76.9137,21.1998],[76.9195,21.2001],[76.9241,21.1986],[76.9305,21.1994],[76.9369,21.199],[76.9371,21.1994],[76.9414,21.1995],[76.9536,21.1954],[76.9639,21.1951],[76.9664,21.1974],[76.9736,21.1972],[76.9721,21.2004],[76.9758,21.1992],[76.9789,21.1973],[76.9827,21.1971],[76.984,21.1992],[76.9919,21.1981],[76.9942,21.1959],[76.9982,21.1958],[76.9982,21.2025],[77.0006,21.2033],[77.0042,21.2033],[77.0038,21.205],[77.0061,21.2074],[77.0058,21.2124],[77.0062,21.2136],[77.0038,21.2183],[77.0058,21.2231],[77.0055,21.2259],[77.0061,21.2291],[77.0126,21.2336],[77.0136,21.2375],[77.0204,21.2364],[77.0245,21.2454],[77.0331,21.248],[77.0345,21.2479],[77.0416,21.2441],[77.0457,21.2432],[77.0489,21.2377]]],[[[77.1892,21.4324],[77.1831,21.4331],[77.1834,21.4346],[77.1822,21.4363],[77.1824,21.4373],[77.185,21.4399],[77.1899,21.4416],[77.1923,21.4402],[77.193,21.438],[77.1896,21.4354],[77.1906,21.4331],[77.1892,21.4324]]],[[[77.1115,21.4006],[77.1129,21.3987],[77.112,21.3982],[77.1111,21.3941],[77.113,21.3893],[77.1219,21.3921],[77.122,21.3935],[77.1232,21.3934],[77.1229,21.3941],[77.1234,21.3952],[77.126,21.3965],[77.1328,21.3966],[77.136,21.3939],[77.1342,21.3919],[77.1308,21.3939],[77.128,21.3935],[77.1231,21.3897],[77.1193,21.3886],[77.1156,21.3838],[77.1155,21.3814],[77.115,21.3813],[77.1146,21.3835],[77.1124,21.3854],[77.1102,21.3855],[77.1103,21.3874],[77.1085,21.3909],[77.1018,21.3889],[77.1001,21.3887],[77.0999,21.3893],[77.1004,21.3894],[77.1003,21.3912],[77.0993,21.3938],[77.1007,21.3969],[77.1029,21.3974],[77.1032,21.3985],[77.104,21.398],[77.1059,21.3983],[77.1115,21.4006]]],[[[76.9622,21.3118],[76.9619,21.311],[76.9682,21.3102],[76.9698,21.3095],[76.9703,21.3085],[76.9715,21.3084],[76.9723,21.3066],[76.972,21.3007],[76.9643,21.3009],[76.9586,21.3052],[76.9584,21.3098],[76.9622,21.3118]]]]}},{"type":"Feature","properties":{"district":"Amravati"},"geometry":{"type":"Polygon","coordinates":[[[77.482,21.7638],[77.4785,21.7635],[77.478,21.7628],[77.4797,21.7594],[77.4795,21.7541],[77.4858,21.7509],[77.4905,21.747],[77.4926,21.7469],[77.495,21.7483],[77.4973,21.7471],[77.4999,21.7471],[77.5026,21.7459],[77.5022,21.7434],[77.5045,21.7394],[77.5086,21.7382],[77.512,21.7322],[77.5173,21.7281],[77.5197,21.7252],[77.523,21.7239],[77.5255,21.7243],[77.5231,21.7197],[77.524,21.7171],[77.5234,21.7143],[77.524,21.7126],[77.527,21.7109],[77.5315,21.7118],[77.5332,21.7113],[77.5361,21.709],[77.539,21.7084],[77.5425,21.7056],[77.5477,21.694],[77.549,21.6862],[77.551,21.6808],[77.5539,21.679],[77.5584,21.6708],[77.5611,21.6673],[77.561,21.6601],[77.5642,21.6419],[77.5686,21.634],[77.5725,21.6287],[77.5755,21.6206],[77.5727,21.6169],[77.5727,21.616],[77.5755,21.5814],[77.577,21.5773],[77.5761,21.5772],[77.5746,21.5723],[77.5749,21.5674],[77.5741,21.5647],[77.575,21.5611],[77.5767,21.5584],[77.5771,21.5552],[77.578,21.5544],[77.5821,21.5538],[77.5919,21.5575],[77.5953,21.5594],[77.6035,21.5518],[77.6087,21.5482],[77.6115,21.5388],[77.6079,21.5372],[77.6028,21.5317],[77.6017,21.5317],[77.5985,21.5279],[77.5968,21.5271],[77.5932,21.5267],[77.589,21.5278],[77.5752,21.5265],[77.5651,21.5294],[77.5576,21.533],[77.5471,21.5367],[77.5372,21.5365],[77.5301,21.5391],[77.5213,21.541],[77.5178,21.5423],[77.5139,21.5465],[77.5114,21.5477],[77.5075,21.551],[77.5052,21.5517],[77.5026,21.5522],[77.4958,21.5514],[77.4926,21.55],[77.487,21.5506],[77.4806,21.5495],[77.474,21.5495],[77.4721,21.5497],[77.4706,21.5519],[77.4662,21.5533],[77.4549,21.5538],[77.4541,21.5496],[77.4563,21.5462],[77.4501,21.5417],[77.4486,21.5415],[77.4458,21.5434],[77.444,21.5426],[77.44,21.5448],[77.4371,21.544],[77.4284,21.5399],[77.4256,21.5377],[77.4225,21.5326],[77.4219,21.5264],[77.4223,21.5175],[77.4231,21.5157],[77.4254,21.5135],[77.4294,21.5047],[77.4354,21.4996],[77.4375,21.4952],[77.4433,21.4872],[77.442,21.4829],[77.4422,21.4806],[77.4387,21.4786],[77.4415,21.475],[77.4422,21.4699],[77.4561,21.4663],[77.4598,21.4666],[77.4659,21.4598],[77.4697,21.458],[77.4736,21.4545],[77.4732,21.4521],[77.4717,21.4503],[77.4724,21.4482],[77.4744,21.4466],[77.4716,21.4361],[77.4766,21.4318],[77.4766,21.4293],[77.4781,21.4268],[77.4796,21.4202],[77.4875,21.4062],[77.4875,21.3918],[77.4869,21.3859],[77.4874,21.3832],[77.4899,21.378],[77.4881,21.3744],[77.4924,21.3742],[77.5022,21.3772],[77.5063,21.3762],[77.5145,21.3759],[77.5167,21.384],[77.5185,21.3839],[77.5205,21.3866],[77.5233,21.3889],[77.5236,21.3913],[77.5254,21.3956],[77.5247,21.4029],[77.5279,21.4056],[77.5292,21.4153],[77.5317,21.4191],[77.5359,21.4177],[77.5427,21.4111],[77.5483,21.4113],[77.5477,21.4053],[77.5534,21.4034],[77.5584,21.4001],[77.5615,21.3965],[77.5632,21.3931],[77.5625,21.3904],[77.5597,21.3906],[77.5578,21.3871],[77.5568,21.3836],[77.5628,21.3753],[77.5626,21.3734],[77.5635,21.3693],[77.567,21.369],[77.568,21.3683],[77.5711,21.3687],[77.5716,21.3703],[77.5734,21.3709],[77.5748,21.3699],[77.5805,21.3677],[77.5839,21.3666],[77.5853,21.3668],[77.5871,21.3628],[77.5918,21.365],[77.5948,21.363],[77.6051,21.3624],[77.6078,21.3649],[77.6083,21.3705],[77.6075,21.3709],[77.6062,21.3736],[77.6048,21.3866],[77.6034,21.3898],[77.605,21.3907],[77.6086,21.3911],[77.6119,21.3924],[77.6139,21.3921],[77.6173,21.3871],[77.6216,21.3868],[77.6326,21.3888],[77.6359,21.3883],[77.6398,21.3887],[77.6417,21.3872],[77.6433,21.3869],[77.6442,21.3872],[77.6494,21.3921],[77.6531,21.3915],[77.6542,21.3909],[77.654,21.3887],[77.6559,21.3861],[77.6596,21.3863],[77.6652,21.3851],[77.6665,21.384],[77.6664,21.3803],[77.6644,21.3745],[77.6678,21.3719],[77.6689,21.3696],[77.6699,21.3689],[77.6787,21.3769],[77.692,21.3976],[77.6955,21.3964],[77.6971,21.3927],[77.6956,21.3837],[77.6959,21.3809],[77.6952,21.3788],[77.6974,21.3743],[77.7006,21.3737],[77.7047,21.377],[77.7074,21.3751],[77.7063,21.3719],[77.707,21.3699],[77.7068,21.3682],[77.71,21.3575],[77.7233,21.3617],[77.7371,21.3622],[77.7384,21.3648],[77.7406,21.3654],[77.746,21.3785],[77.75,21.3828],[77.7612,21.3852],[77.7639,21.3814],[77.7732,21.3844],[77.7968,21.389],[77.7983,21.4049],[77.8012,21.4096],[77.8046,21.4094],[77.8083,21.408],[77.8123,21.4093],[77.8157,21.4074],[77.8181,21.4079],[77.8226,21.4073],[77.8251,21.4051],[77.8297,21.4027],[77.8343,21.402],[77.8394,21.3983],[77.8426,21.3972],[77.8473,21.3925],[77.8564,21.3902],[77.8568,21.3885],[77.8642,21.3876],[77.8676,21.3879],[77.8838,21.3842],[77.8847,21.3832],[77.883,21.3774],[77.8833,21.376],[77.8884,21.3781],[77.8996,21.3773],[77.907,21.3778],[77.9121,21.3811],[77.923,21.3838],[77.9276,21.386],[77.9412,21.3858],[77.9405,21.3904],[77.9426,21.3966],[77.9651,21.4022],[77.9738,21.4029],[77.981,21.4025],[77.9847,21.4032],[77.9895,21.4053],[78.0013,21.4147],[78.0091,21.4151],[78.0109,21.4171],[78.0142,21.4186],[78.0213,21.4191],[78.025,21.42],[78.0301,21.4221],[78.0338,21.425],[78.0403,21.4285],[78.046,21.434],[78.0492,21.434],[78.0661,21.438],[78.0832,21.446],[78.0987,21.4586],[78.1022,21.4604],[78.1133,21.4635],[78.1181,21.467],[78.1259,21.4698],[78.1365,21.4782],[78.1455,21.4824],[78.1491,21.4851],[78.1599,21.4899],[78.1651,21.4936],[78.1762,21.4997],[78.1745,21.508],[78.1773,21.5078],[78.1789,21.51],[78.1826,21.5117],[78.1713,21.5256],[78.1755,21.5281],[78.1747,21.5333],[78.1729,21.5388],[78.1742,21.5473],[78.1767,21.5521],[78.1819,21.5573],[78.1911,21.5566],[78.2055,21.553],[78.216,21.5538],[78.2233,21.5532],[78.2319,21.5568],[78.2396,21.5631],[78.2428,21.5635],[78.2481,21.5623],[78.2611,21.5657],[78.2701,21.5693],[78.2718,21.5697],[78.2739,21.5693],[78.2733,21.5712],[78.2711,21.5719],[78.2689,21.5743],[78.2653,21.5753],[78.2603,21.5797],[78.2613,21.5819],[78.2609,21.5847],[78.2614,21.5867],[78.2644,21.5913],[78.2665,21.5917],[78.2718,21.5907],[78.2752,21.5918],[78.2782,21.5893],[78.2811,21.5852],[78.2868,21.5851],[78.2912,21.5832],[78.2934,21.5838],[78.303,21.5837],[78.304,21.5775],[78.304,21.5705],[78.3071,21.5696],[78.3082,21.5715],[78.3139,21.5727],[78.3203,21.5721],[78.3266,21.575],[78.3427,21.5891],[78.3454,21.5818],[78.3485,21.5807],[78.3489,21.5786],[78.3508,21.5781],[78.3554,21.5733],[78.3631,21.5752],[78.3735,21.5802],[78.3778,21.5837],[78.3816,21.592],[78.3818,21.5929],[78.3805,21.5936],[78.3805,21.5962],[78.3781,21.5981],[78.3779,21.6032],[78.373,21.61],[78.3726,21.6135],[78.3803,21.6137],[78.3874,21.6148],[78.3906,21.6146],[78.3927,21.6135],[78.3928,21.6093],[78.3946,21.6078],[78.3992,21.6075],[78.4069,21.6088],[78.4127,21.6055],[78.4166,21.6011],[78.4212,21.5997],[78.4255,21.5999],[78.4271,21.5993],[78.4258,21.5965],[78.4215,21.5907],[78.4192,21.5813],[78.4196,21.5738],[78.4187,21.5709],[78.4231,21.5709],[78.4255,21.5696],[78.4254,21.5653],[78.4279,21.5586],[78.4262,21.553],[78.4264,21.5493],[78.4242,21.5444],[78.4251,21.543],[78.4294,21.5407],[78.4343,21.5349],[78.4348,21.5333],[78.4341,21.5314],[78.43,21.5287],[78.43,21.5262],[78.4312,21.5244],[78.4385,21.5178],[78.437,21.516],[78.4331,21.5154],[78.4321,21.5146],[78.4328,21.5123],[78.4344,21.5105],[78.4339,21.5062],[78.4364,21.4998],[78.4318,21.4984],[78.4303,21.4972],[78.4302,21.4957],[78.4328,21.4927],[78.4331,21.4912],[78.4289,21.4859],[78.4296,21.4829],[78.4282,21.4758],[78.4385,21.471],[78.4364,21.4673],[78.4365,21.4659],[78.4401,21.4628],[78.4385,21.4591],[78.4387,21.4565],[78.4413,21.4524],[78.4406,21.4482],[78.4428,21.4465],[78.4428,21.4442],[78.4421,21.4431],[78.4389,21.4415],[78.4385,21.4398],[78.4414,21.4355],[78.4421,21.4275],[78.4418,21.4221],[78.4447,21.4214],[78.4437,21.4162],[78.4453,21.4131],[78.4481,21.4129],[78.4492,21.4106],[78.4486,21.4059],[78.4476,21.4028],[78.4438,21.4023],[78.4407,21.4007],[78.4385,21.4022],[78.4351,21.4011],[78.4323,21.4014],[78.4312,21.4],[78.4239,21.3969],[78.4226,21.3971],[78.4224,21.3989],[78.4208,21.3994],[78.4191,21.3956],[78.4159,21.3936],[78.4169,21.3929],[78.4205,21.3942],[78.4207,21.3932],[78.4196,21.391],[78.4174,21.3896],[78.4158,21.3897],[78.4132,21.3875],[78.4121,21.3876],[78.4104,21.3892],[78.4068,21.3877],[78.4059,21.3853],[78.4062,21.3843],[78.4077,21.3837],[78.4082,21.3819],[78.4069,21.3817],[78.4009,21.3839],[78.395,21.3851],[78.3923,21.3873],[78.3901,21.3909],[78.3891,21.3914],[78.3865,21.3907],[78.3838,21.3878],[78.3821,21.3869],[78.3802,21.3876],[78.3764,21.3898],[78.3754,21.3939],[78.3742,21.3951],[78.3713,21.3957],[78.3668,21.3934],[78.3648,21.3932],[78.3634,21.3922],[78.3632,21.3906],[78.3648,21.388],[78.3645,21.385],[78.3624,21.3827],[78.3583,21.3829],[78.3543,21.3801],[78.3499,21.3819],[78.3484,21.3801],[78.3471,21.3799],[78.3463,21.3807],[78.3468,21.3842],[78.3464,21.385],[78.3447,21.3853],[78.343,21.38],[78.3385,21.3749],[78.3367,21.3738],[78.3299,21.3721],[78.3273,21.3684],[78.3222,21.3688],[78.3167,21.3668],[78.3088,21.3619],[78.3071,21.3573],[78.2975,21.3555],[78.2867,21.3504],[78.2775,21.3522],[78.2722,21.3516],[78.2708,21.35],[78.2691,21.3459],[78.2622,21.3441],[78.2572,21.3408],[78.2545,21.3397],[78.2525,21.3397],[78.2511,21.3388],[78.2503,21.3373],[78.2503,21.3326],[78.2486,21.3306],[78.2462,21.3296],[78.2398,21.3299],[78.2357,21.3279],[78.2331,21.3274],[78.2289,21.3283],[78.2195,21.3323],[78.2114,21.3338],[78.203,21.3329],[78.197,21.3313],[78.189,21.3329],[78.1834,21.3332],[78.177,21.3331],[78.1726,21.3316],[78.1687,21.3323],[78.1622,21.3313],[78.1558,21.3316],[78.1515,21.3334],[78.1511,21.335],[78.1514,21.34],[78.1497,21.3424],[78.1485,21.3432],[78.1414,21.3428],[78.1311,21.3467],[78.127,21.3464],[78.1236,21.347],[78.1183,21.3496],[78.1101,21.3522],[78.1031,21.3565],[78.0977,21.3541],[78.0943,21.3547],[78.0905,21.3574],[78.0857,21.3593],[78.0803,21.3577],[78.0763,21.3558],[78.0743,21.3538],[78.0736,21.3517],[78.0766,21.3443],[78.079,21.3362],[78.0795,21.3327],[78.0794,21.3273],[78.0755,21.3178],[78.0739,21.3119],[78.0687,21.3008],[78.0689,21.2984],[78.0749,21.2944],[78.0778,21.2919],[78.0796,21.2894],[78.0806,21.2851],[78.0805,21.2816],[78.076,21.2765],[78.0734,21.276],[78.0697,21.2787],[78.0654,21.2786],[78.0616,21.2775],[78.0589,21.2737],[78.0582,21.2659],[78.0522,21.2572],[78.0532,21.2525],[78.0563,21.2472],[78.0581,21.2396],[78.0601,21.2388],[78.0673,21.24],[78.0697,21.2391],[78.0718,21.2364],[78.0734,21.231],[78.0726,21.2297],[78.0698,21.2276],[78.0696,21.2252],[78.0708,21.2213],[78.0729,21.2189],[78.0826,21.2142],[78.0874,21.2102],[78.0968,21.1989],[78.0986,21.1888],[78.0973,21.1861],[78.0923,21.1825],[78.0914,21.1809],[78.0916,21.1795],[78.098,21.1753],[78.1061,21.167],[78.1139,21.1619],[78.1184,21.1564],[78.1222,21.1555],[78.125,21.1541],[78.1276,21.1506],[78.1317,21.1494],[78.1361,21.1442],[78.1435,21.1399],[78.1437,21.1377],[78.1374,21.1322],[78.1357,21.1251],[78.1344,21.1226],[78.1299,21.1183],[78.1283,21.1145],[78.1311,21.1064],[78.1324,21.105],[78.1343,21.1044],[78.1423,21.1047],[78.1438,21.1043],[78.1447,21.1033],[78.1456,21.1002],[78.1451,21.0958],[78.1467,21.0916],[78.1473,21.0854],[78.1505,21.0756],[78.1495,21.0654],[78.1473,21.0619],[78.1466,21.0578],[78.1468,21.0564],[78.1499,21.0518],[78.1497,21.0481],[78.1451,21.0407],[78.1386,21.0403],[78.1373,21.0398],[78.1362,21.0382],[78.1381,21.0348],[78.1412,21.0328],[78.144,21.0291],[78.1447,21.0235],[78.1439,21.0198],[78.135,21.0103],[78.1356,21.0012],[78.139,20.996],[78.1452,20.992],[78.1443,20.9918],[78.1442,20.989],[78.147,20.9854],[78.1483,20.9847],[78.1475,20.9785],[78.1485,20.972],[78.1487,20.9663],[78.146,20.9594],[78.1428,20.9561],[78.143,20.9526],[78.1565,20.9457],[78.1634,20.9453],[78.1682,20.9419],[78.1703,20.9381],[78.1704,20.936],[78.1693,20.9331],[78.1698,20.9297],[78.1753,20.9258],[78.1764,20.9228],[78.174,20.9152],[78.1796,20.9097],[78.1815,20.9046],[78.1868,20.902],[78.1903,20.901],[78.1944,20.901],[78.1994,20.8993],[78.2085,20.9001],[78.2109,20.9025],[78.2116,20.9071],[78.2132,20.9086],[78.2232,20.8997],[78.2292,20.8982],[78.2332,20.8956],[78.2418,20.8934],[78.2477,20.8908],[78.252,20.8874],[78.2571,20.8871],[78.2582,20.8851],[78.2581,20.8806],[78.2603,20.8774],[78.2614,20.8734],[78.2627,20.8715],[78.2755,20.8613],[78.2752,20.8557],[78.2772,20.8483],[78.2794,20.8434],[78.2838,20.8405],[78.2859,20.8404],[78.29,20.8416],[78.2928,20.8404],[78.2933,20.8368],[78.2915,20.8321],[78.2914,20.8297],[78.2924,20.8279],[78.2948,20.8268],[78.2985,20.8278],[78.3045,20.834],[78.3058,20.8346],[78.3118,20.8337],[78.3127,20.8328],[78.3125,20.8274],[78.3171,20.8208],[78.3168,20.8182],[78.3161,20.8171],[78.3094,20.8123],[78.2988,20.8125],[78.2977,20.8117],[78.2964,20.8097],[78.2977,20.8049],[78.2935,20.8],[78.2956,20.7931],[78.2925,20.7829],[78.2924,20.7769],[78.2937,20.7743],[78.3039,20.7668],[78.306,20.7645],[78.3085,20.7559],[78.3082,20.7544],[78.3051,20.7495],[78.3048,20.7453],[78.3054,20.7432],[78.3067,20.7417],[78.3106,20.7398],[78.3117,20.738],[78.311,20.7355],[78.309,20.7333],[78.3088,20.7292],[78.3066,20.7248],[78.3049,20.7193],[78.3004,20.7164],[78.2997,20.7151],[78.2991,20.7121],[78.3005,20.7048],[78.2998,20.7024],[78.2974,20.6993],[78.2956,20.6987],[78.2938,20.6989],[78.2914,20.7024],[78.2918,20.7039],[78.2944,20.7066],[78.2944,20.7083],[78.293,20.7099],[78.2897,20.7095],[78.2877,20.7074],[78.2849,20.7004],[78.2833,20.6998],[78.2789,20.7001],[78.2772,20.6986],[78.2769,20.6962],[78.2589,20.698],[78.2593,20.6966],[78.2559,20.6915],[78.255,20.6885],[78.2552,20.6836],[78.2484,20.6843],[78.2484,20.6851],[78.2419,20.6868],[78.2407,20.6843],[78.2332,20.6897],[78.2321,20.6914],[78.2282,20.6929],[78.2211,20.6938],[78.2117,20.6923],[78.21,20.679],[78.2057,20.6763],[78.2059,20.6745],[78.2025,20.6758],[78.1924,20.6764],[78.1822,20.678],[78.1793,20.6678],[78.1771,20.6678],[78.177,20.6697],[78.1706,20.6703],[78.1679,20.6689],[78.1676,20.6681],[78.1659,20.6681],[78.1656,20.6671],[78.1588,20.6667],[78.1577,20.6672],[78.1579,20.6593],[78.1569,20.6568],[78.1558,20.6568],[78.1558,20.6583],[78.1539,20.6587],[78.1419,20.6597],[78.1311,20.664],[78.1312,20.6635],[78.1272,20.6631],[78.1269,20.6624],[78.1248,20.6615],[78.1245,20.6594],[78.1321,20.6538],[78.1311,20.65],[78.1297,20.6488],[78.1294,20.6474],[78.1201,20.6468],[78.1124,20.6478],[78.1107,20.6402],[78.1015,20.6406],[78.1012,20.6431],[78.0933,20.6415],[78.0961,20.6527],[78.0965,20.6583],[78.098,20.6585],[78.0993,20.6597],[78.0995,20.6663],[78.0964,20.6669],[78.0965,20.6675],[78.095,20.6686],[78.0916,20.6698],[78.0909,20.6706],[78.089,20.6693],[78.0882,20.6697],[78.0887,20.672],[78.0838,20.6721],[78.0836,20.6695],[78.0805,20.6693],[78.0802,20.6648],[78.0787,20.6641],[78.0787,20.6653],[78.0757,20.6648],[78.0759,20.6664],[78.0775,20.6671],[78.0741,20.668],[78.0738,20.6675],[78.0719,20.6679],[78.0713,20.671],[78.0693,20.671],[78.068,20.6722],[78.0661,20.6721],[78.0655,20.673],[78.063,20.6725],[78.063,20.6699],[78.058,20.6701],[78.0581,20.6686],[78.0525,20.6687],[78.0472,20.6675],[78.0404,20.6672],[78.0403,20.6667],[78.0366,20.6659],[78.0366,20.6593],[78.0274,20.6584],[78.0236,20.646],[78.0219,20.6456],[78.0191,20.641],[78.0206,20.6404],[78.0225,20.6375],[78.0244,20.6366],[78.0264,20.6332],[78.0233,20.6328],[78.0226,20.631],[78.019,20.6304],[78.0187,20.6291],[78.0208,20.6288],[78.0211,20.6268],[78.0136,20.6267],[78.0103,20.6249],[78.0019,20.6251],[78.0006,20.6246],[78.0008,20.6232],[77.9999,20.6227],[77.9954,20.6246],[77.9951,20.6197],[77.99,20.6131],[77.9883,20.612],[77.9862,20.6136],[77.9852,20.6135],[77.9841,20.6118],[77.9822,20.6109],[77.983,20.6097],[77.9826,20.609],[77.9796,20.6073],[77.9778,20.6053],[77.9769,20.6027],[77.975,20.6001],[77.9766,20.5987],[77.9772,20.5934],[77.976,20.5922],[77.9745,20.5891],[77.968,20.5848],[77.9646,20.5839],[77.9632,20.5843],[77.9593,20.5822],[77.9573,20.5789],[77.9502,20.5749],[77.9507,20.5797],[77.9495,20.5799],[77.9466,20.5778],[77.9461,20.5803],[77.9451,20.5805],[77.945,20.5816],[77.9445,20.5795],[77.9409,20.58],[77.9331,20.5777],[77.932,20.5704],[77.9298,20.5706],[77.9276,20.5624],[77.9256,20.5629],[77.9247,20.5591],[77.9223,20.56],[77.9229,20.5637],[77.9239,20.564],[77.925,20.5667],[77.9206,20.5653],[77.9167,20.5662],[77.9149,20.5657],[77.9146,20.5645],[77.914,20.5645],[77.9128,20.5647],[77.9116,20.5674],[77.9172,20.5789],[77.9185,20.587],[77.9182,20.5898],[77.9138,20.5909],[77.9175,20.5992],[77.9179,20.6024],[77.9175,20.6075],[77.913,20.608],[77.9084,20.6156],[77.9073,20.6166],[77.9005,20.6186],[77.8948,20.6258],[77.8942,20.6252],[77.8927,20.6257],[77.8924,20.6247],[77.886,20.625],[77.8837,20.6189],[77.8824,20.6185],[77.8812,20.6162],[77.881,20.6137],[77.8779,20.6101],[77.8713,20.6123],[77.8676,20.6116],[77.8667,20.6089],[77.8665,20.6057],[77.8674,20.5955],[77.8598,20.5908],[77.8462,20.588],[77.8455,20.5865],[77.8457,20.5798],[77.8478,20.5707],[77.8465,20.5686],[77.8396,20.5649],[77.8327,20.5707],[77.8262,20.575],[77.8218,20.5802],[77.8178,20.5816],[77.8148,20.5835],[77.8107,20.5847],[77.8085,20.5813],[77.8091,20.5792],[77.809,20.5748],[77.8054,20.5704],[77.8048,20.5644],[77.7914,20.5605],[77.7856,20.5476],[77.7852,20.5448],[77.7834,20.5446],[77.7823,20.5414],[77.7801,20.5381],[77.778,20.5392],[77.7749,20.5395],[77.7701,20.5388],[77.7687,20.5436],[77.764,20.5441],[77.7562,20.546],[77.7558,20.5437],[77.7553,20.5436],[77.7512,20.5453],[77.7463,20.552],[77.7412,20.5613],[77.7358,20.5612],[77.731,20.5596],[77.7249,20.5633],[77.7193,20.565],[77.7135,20.5659],[77.7044,20.5649],[77.6941,20.5689],[77.6908,20.5708],[77.691,20.5776],[77.683,20.5772],[77.6779,20.5779],[77.6713,20.5802],[77.6691,20.5786],[77.6675,20.5801],[77.6662,20.5797],[77.6643,20.5735],[77.6624,20.5701],[77.6596,20.569],[77.6592,20.5639],[77.6462,20.564],[77.629,20.5662],[77.6281,20.567],[77.6316,20.5747],[77.6325,20.579],[77.6344,20.5787],[77.6356,20.5819],[77.6382,20.5856],[77.6434,20.5987],[77.6449,20.6049],[77.6471,20.6047],[77.6464,20.6085],[77.6481,20.622],[77.6503,20.6255],[77.6529,20.6254],[77.6537,20.6266],[77.6541,20.6323],[77.6558,20.634],[77.6573,20.6345],[77.6586,20.6365],[77.6597,20.6462],[77.6483,20.6487],[77.6505,20.6531],[77.6548,20.6594],[77.654,20.6619],[77.6476,20.6615],[77.6453,20.6597],[77.6347,20.6582],[77.6352,20.6592],[77.6362,20.67],[77.6321,20.6715],[77.6368,20.6852],[77.6379,20.6944],[77.6348,20.6979],[77.6333,20.6986],[77.6314,20.7015],[77.6321,20.7094],[77.6351,20.7114],[77.6333,20.7134],[77.6242,20.7162],[77.6105,20.7178],[77.6121,20.7308],[77.6234,20.73],[77.6245,20.7324],[77.6256,20.7373],[77.6279,20.7375],[77.629,20.7386],[77.6315,20.7381],[77.6339,20.7557],[77.6198,20.7568],[77.6142,20.7594],[77.6161,20.7653],[77.6171,20.7727],[77.6194,20.7794],[77.6113,20.7786],[77.6102,20.7997],[77.6029,20.8009],[77.598,20.803],[77.5976,20.8038],[77.5927,20.8048],[77.593,20.8075],[77.5926,20.8104],[77.5875,20.8081],[77.586,20.8088],[77.5814,20.8082],[77.5692,20.8085],[77.5677,20.814],[77.5653,20.8186],[77.5631,20.8183],[77.561,20.8188],[77.5586,20.8228],[77.5594,20.8241],[77.5535,20.8247],[77.5514,20.8402],[77.5514,20.8486],[77.5507,20.8546],[77.5409,20.856],[77.5404,20.8549],[77.5331,20.8547],[77.5329,20.8503],[77.5269,20.85],[77.5268,20.8517],[77.5229,20.852],[77.5227,20.8509],[77.5166,20.8511],[77.5152,20.8537],[77.4991,20.857],[77.4995,20.8601],[77.4874,20.8621],[77.4793,20.8627],[77.4775,20.8627],[77.477,20.8608],[77.4761,20.8606],[77.4756,20.8608],[77.4756,20.8654],[77.4797,20.879],[77.4742,20.8794],[77.4737,20.8784],[77.4749,20.8773],[77.4745,20.8761],[77.4724,20.8764],[77.4696,20.8783],[77.4678,20.876],[77.4654,20.8766],[77.4663,20.8786],[77.4658,20.88],[77.4607,20.8758],[77.4609,20.8751],[77.4634,20.8738],[77.4627,20.8719],[77.4576,20.8712],[77.4606,20.8672],[77.4597,20.8667],[77.4577,20.8674],[77.4575,20.8637],[77.4553,20.8612],[77.4549,20.8581],[77.454,20.861],[77.4534,20.8609],[77.4539,20.8588],[77.4514,20.8561],[77.4504,20.8558],[77.4478,20.8522],[77.4444,20.8527],[77.4424,20.8513],[77.4401,20.8532],[77.4375,20.8539],[77.4357,20.8471],[77.4359,20.8439],[77.4337,20.8425],[77.4324,20.8436],[77.4322,20.8469],[77.428,20.8456],[77.4268,20.8463],[77.4261,20.8477],[77.4249,20.8479],[77.4238,20.8465],[77.4211,20.8451],[77.4197,20.8433],[77.418,20.8428],[77.4129,20.8427],[77.4121,20.8459],[77.3995,20.8461],[77.3957,20.8442],[77.3955,20.8416],[77.3943,20.8409],[77.3915,20.8414],[77.3893,20.8453],[77.3873,20.8457],[77.3858,20.8453],[77.3841,20.8434],[77.3784,20.8425],[77.3747,20.8428],[77.373,20.8433],[77.3712,20.8455],[77.3628,20.8478],[77.3569,20.8475],[77.3534,20.8481],[77.3507,20.8471],[77.3445,20.8431],[77.3415,20.8451],[77.3374,20.8434],[77.3363,20.8436],[77.3332,20.8466],[77.3297,20.8476],[77.3273,20.8492],[77.3263,20.8506],[77.3259,20.8538],[77.3209,20.8556],[77.3196,20.8554],[77.3206,20.8534],[77.3207,20.8515],[77.3193,20.8508],[77.318,20.8515],[77.3184,20.8559],[77.3145,20.8579],[77.3134,20.8575],[77.3122,20.854],[77.3086,20.8536],[77.307,20.8513],[77.3028,20.8492],[77.2993,20.8496],[77.2945,20.8487],[77.2892,20.8498],[77.2867,20.8466],[77.2858,20.8464],[77.2835,20.8471],[77.2815,20.8487],[77.2774,20.8496],[77.2735,20.8525],[77.2711,20.8531],[77.2646,20.8512],[77.2627,20.8496],[77.2607,20.8458],[77.258,20.8457],[77.2561,20.8474],[77.2551,20.8521],[77.2537,20.8541],[77.2518,20.8555],[77.2506,20.8556],[77.2472,20.8529],[77.2448,20.8529],[77.2389,20.8562],[77.2327,20.8565],[77.2269,20.8558],[77.2232,20.8583],[77.2217,20.8585],[77.2161,20.8579],[77.2126,20.8489],[77.2115,20.8485],[77.2087,20.8495],[77.207,20.8508],[77.2031,20.8515],[77.2015,20.8528],[77.1961,20.8541],[77.1902,20.8534],[77.1829,20.8506],[77.1801,20.8504],[77.1762,20.8527],[77.1692,20.8544],[77.169,20.8558],[77.1704,20.8598],[77.1696,20.8609],[77.1647,20.8635],[77.162,20.8696],[77.1587,20.8706],[77.1565,20.8688],[77.1559,20.867],[77.1582,20.8623],[77.1553,20.8595],[77.1535,20.8592],[77.1522,20.8597],[77.1516,20.8616],[77.1426,20.8638],[77.1405,20.8637],[77.1367,20.8611],[77.1295,20.8632],[77.1316,20.8682],[77.1319,20.8706],[77.1322,20.8774],[77.1316,20.8798],[77.1369,20.8793],[77.1375,20.8801],[77.1368,20.8813],[77.1355,20.8817],[77.1357,20.8837],[77.1369,20.884],[77.1371,20.8975],[77.1376,20.8984],[77.1358,20.8993],[77.1354,20.9003],[77.1349,20.9112],[77.1354,20.9184],[77.1375,20.9183],[77.138,20.922],[77.1445,20.9216],[77.1468,20.9378],[77.1493,20.9447],[77.1498,20.9481],[77.1511,20.9491],[77.1537,20.9626],[77.1563,20.9625],[77.1599,20.9713],[77.1386,20.9743],[77.1329,20.9762],[77.1335,20.9889],[77.1419,20.9891],[77.1457,20.9898],[77.1591,20.9887],[77.1677,20.9887],[77.1685,20.9977],[77.1682,20.9983],[77.1658,20.9984],[77.1697,21.0109],[77.171,21.0105],[77.1728,21.0238],[77.161,21.0262],[77.1605,21.0266],[77.1618,21.0295],[77.1496,21.034],[77.1507,21.0349],[77.1508,21.0371],[77.1494,21.0391],[77.1502,21.0413],[77.1504,21.0451],[77.1518,21.0478],[77.1506,21.0544],[77.152,21.0615],[77.1511,21.0625],[77.1502,21.0674],[77.1501,21.0722],[77.1551,21.072],[77.1697,21.0732],[77.174,21.0714],[77.1766,21.0724],[77.1753,21.0735],[77.1759,21.0739],[77.1756,21.075],[77.1763,21.076],[77.176,21.0774],[77.1753,21.0775],[77.1766,21.0797],[77.1759,21.083],[77.1771,21.0856],[77.1757,21.0863],[77.1761,21.0869],[77.1756,21.0896],[77.1733,21.0911],[77.1731,21.0925],[77.1718,21.0924],[77.1715,21.0948],[77.1725,21.1081],[77.1717,21.1186],[77.1796,21.1191],[77.1797,21.1198],[77.1837,21.1201],[77.1843,21.1204],[77.184,21.1211],[77.1849,21.1213],[77.1912,21.1208],[77.1913,21.1214],[77.1962,21.1205],[77.1963,21.1389],[77.1933,21.1393],[77.1924,21.1354],[77.1832,21.1344],[77.1649,21.1359],[77.1631,21.1363],[77.1662,21.1441],[77.1602,21.1447],[77.1595,21.1455],[77.1596,21.1463],[77.1628,21.1468],[77.1632,21.1511],[77.1645,21.1509],[77.1647,21.1564],[77.166,21.1563],[77.1674,21.163],[77.1675,21.1648],[77.1658,21.1653],[77.1665,21.1665],[77.1611,21.1671],[77.161,21.1676],[77.163,21.1705],[77.1641,21.1756],[77.1655,21.1772],[77.1662,21.1844],[77.167,21.1862],[77.1682,21.1861],[77.1683,21.1871],[77.1722,21.1867],[77.1729,21.1914],[77.1797,21.191],[77.1787,21.1929],[77.1785,21.1955],[77.1798,21.1963],[77.1814,21.1996],[77.1833,21.1998],[77.1837,21.2013],[77.182,21.2076],[77.1758,21.2082],[77.1773,21.2114],[77.1767,21.2137],[77.1778,21.2169],[77.1778,21.2193],[77.1765,21.2212],[77.1745,21.2216],[77.1741,21.2235],[77.1767,21.2249],[77.1907,21.2287],[77.1922,21.2317],[77.1918,21.2343],[77.1937,21.2365],[77.1927,21.2386],[77.1925,21.2414],[77.1903,21.2429],[77.1802,21.2414],[77.1771,21.2426],[77.174,21.2426],[77.1726,21.2436],[77.1648,21.2432],[77.1663,21.2376],[77.1628,21.2348],[77.1563,21.2352],[77.1534,21.2345],[77.1514,21.2333],[77.1513,21.2323],[77.1504,21.2323],[77.1487,21.2276],[77.1422,21.227],[77.1397,21.226],[77.1385,21.2242],[77.1356,21.2242],[77.1303,21.2204],[77.1274,21.2208],[77.1271,21.2235],[77.1257,21.2247],[77.1191,21.2245],[77.1179,21.2197],[77.1091,21.2189],[77.1061,21.2217],[77.1034,21.2219],[77.0975,21.2239],[77.0955,21.2262],[77.0931,21.2263],[77.0904,21.2245],[77.0889,21.2223],[77.0857,21.2219],[77.0848,21.2197],[77.0807,21.2164],[77.0795,21.2168],[77.077,21.2206],[77.0752,21.2214],[77.0719,21.2218],[77.0691,21.2211],[77.0686,21.2201],[77.0666,21.2202],[77.0653,21.2224],[77.0616,21.2249],[77.0597,21.2314],[77.0562,21.2335],[77.0512,21.2331],[77.0493,21.2356],[77.0489,21.2377],[77.0457,21.2432],[77.0416,21.2441],[77.0345,21.2479],[77.0331,21.248],[77.0245,21.2454],[77.0204,21.2364],[77.0136,21.2375],[77.0126,21.2336],[77.0061,21.2291],[77.0055,21.2259],[77.0058,21.2231],[77.0038,21.2183],[77.0062,21.2136],[77.0058,21.2124],[77.0061,21.2074],[77.0038,21.205],[77.0042,21.2033],[77.0006,21.2033],[76.9982,21.2025],[76.9985,21.1959],[76.9942,21.1959],[76.9919,21.1981],[76.984,21.1992],[76.9827,21.1971],[76.9789,21.1973],[76.9758,21.1992],[76.9721,21.2004],[76.9736,21.1972],[76.9664,21.1974],[76.9639,21.1951],[76.9536,21.1954],[76.9414,21.1995],[76.9371,21.1994],[76.9369,21.199],[76.9305,21.1994],[76.9241,21.1986],[76.9195,21.2001],[76.9137,21.1998],[76.9095,21.2004],[76.9054,21.2],[76.9022,21.1984],[76.8959,21.1984],[76.8928,21.1969],[76.8895,21.1966],[76.8892,21.1945],[76.8832,21.1939],[76.8796,21.193],[76.8802,21.1923],[76.8728,21.1905],[76.8724,21.1917],[76.868,21.1906],[76.8573,21.1894],[76.8544,21.187],[76.8478,21.1928],[76.8436,21.1901],[76.8381,21.1882],[76.8339,21.1854],[76.8285,21.1852],[76.8158,21.1875],[76.7964,21.1835],[76.7899,21.1829],[76.7868,21.1872],[76.7845,21.1883],[76.7817,21.1886],[76.7819,21.1944],[76.7758,21.1907],[76.7675,21.1914],[76.7661,21.1938],[76.7642,21.2011],[76.7646,21.2063],[76.7622,21.2171],[76.7607,21.2203],[76.7592,21.2215],[76.7572,21.2217],[76.7524,21.2183],[76.746,21.2232],[76.7479,21.2269],[76.7448,21.2315],[76.7409,21.2415],[76.7485,21.2508],[76.7464,21.2545],[76.7439,21.2544],[76.7417,21.2606],[76.7404,21.261],[76.7375,21.2604],[76.7368,21.2609],[76.7356,21.2634],[76.733,21.2757],[76.7309,21.2787],[76.7286,21.2791],[76.7273,21.2801],[76.7259,21.2797],[76.7263,21.2821],[76.723,21.2858],[76.7237,21.2892],[76.7203,21.2885],[76.7179,21.2897],[76.7182,21.2865],[76.7178,21.2856],[76.7159,21.2846],[76.712,21.2845],[76.6964,21.2854],[76.6933,21.2872],[76.6908,21.2871],[76.6876,21.2885],[76.6857,21.2887],[76.677,21.2831],[76.6627,21.2807],[76.6548,21.2898],[76.6535,21.2935],[76.6475,21.3015],[76.6456,21.3011],[76.6451,21.303],[76.6408,21.3071],[76.6302,21.3208],[76.6255,21.328],[76.6218,21.3323],[76.6563,21.3585],[76.6642,21.3633],[76.6828,21.3784],[76.6974,21.3874],[76.7142,21.3964],[76.7262,21.4047],[76.7307,21.4072],[76.7395,21.4106],[76.7409,21.4129],[76.7396,21.4141],[76.7405,21.4176],[76.7396,21.4203],[76.7379,21.4222],[76.7408,21.4259],[76.741,21.4282],[76.7403,21.4295],[76.7384,21.4297],[76.7444,21.4399],[76.755,21.4456],[76.7585,21.4503],[76.7618,21.4523],[76.7813,21.4593],[76.784,21.4624],[76.786,21.4658],[76.7879,21.4775],[76.7902,21.4786],[76.7914,21.4801],[76.7938,21.4796],[76.7956,21.4896],[76.7877,21.4976],[76.7878,21.5011],[76.7842,21.5013],[76.7819,21.5032],[76.7807,21.5056],[76.7729,21.5057],[76.7634,21.5208],[76.7688,21.5266],[76.778,21.5281],[76.7814,21.5293],[76.7883,21.5348],[76.7893,21.5364],[76.7891,21.5407],[76.7844,21.5459],[76.7817,21.5516],[76.7814,21.5647],[76.7823,21.5694],[76.784,21.5741],[76.791,21.5816],[76.7928,21.5858],[76.7936,21.5918],[76.7958,21.5942],[76.8012,21.5949],[76.8077,21.5926],[76.8197,21.5908],[76.8274,21.5883],[76.8329,21.589],[76.8364,21.5907],[76.8394,21.5933],[76.8404,21.5955],[76.8422,21.6036],[76.8447,21.6075],[76.8499,21.6121],[76.8545,21.6133],[76.8687,21.6088],[76.8761,21.6043],[76.8857,21.6001],[76.8972,21.5961],[76.9016,21.5968],[76.9086,21.6028],[76.9099,21.6083],[76.9129,21.6118],[76.9284,21.6243],[76.9423,21.6321],[76.9532,21.6421],[76.9621,21.6458],[76.9679,21.6495],[76.9724,21.6514],[76.9744,21.6533],[76.9764,21.6574],[76.9901,21.6649],[76.9925,21.6669],[76.9941,21.6698],[76.9965,21.6724],[77.0066,21.6791],[77.015,21.6823],[77.0262,21.6902],[77.0366,21.6944],[77.0436,21.6998],[77.051,21.7032],[77.0625,21.7072],[77.0644,21.7108],[77.0686,21.7158],[77.0732,21.7194],[77.0792,21.7199],[77.0865,21.7144],[77.0941,21.7162],[77.108,21.7183],[77.1173,21.7215],[77.1296,21.7222],[77.1365,21.7201],[77.1392,21.7198],[77.143,21.717],[77.1459,21.7134],[77.1477,21.7125],[77.1651,21.7107],[77.1679,21.712],[77.1696,21.7143],[77.1698,21.7169],[77.1689,21.7193],[77.1696,21.7222],[77.1721,21.7248],[77.176,21.7258],[77.1811,21.7231],[77.1867,21.7229],[77.1915,21.7207],[77.1913,21.7126],[77.1881,21.7017],[77.1909,21.7002],[77.1989,21.6978],[77.2031,21.6928],[77.2104,21.6897],[77.2129,21.695],[77.2148,21.6942],[77.2188,21.694],[77.2208,21.6965],[77.2247,21.6973],[77.2278,21.6995],[77.2269,21.7035],[77.2278,21.7098],[77.2269,21.7168],[77.2308,21.7164],[77.2323,21.715],[77.2355,21.7163],[77.2416,21.7154],[77.2425,21.7147],[77.2444,21.7164],[77.2515,21.7128],[77.2572,21.7121],[77.2619,21.7123],[77.264,21.7156],[77.2676,21.725],[77.2701,21.7277],[77.2719,21.7281],[77.2733,21.7279],[77.2793,21.7241],[77.2872,21.7219],[77.2901,21.7283],[77.2911,21.7328],[77.289,21.7334],[77.2842,21.7369],[77.2874,21.7441],[77.2865,21.7458],[77.2799,21.7495],[77.2797,21.7542],[77.2805,21.7586],[77.2903,21.7603],[77.2994,21.756],[77.3043,21.7556],[77.3125,21.7567],[77.3158,21.7566],[77.3244,21.7527],[77.3457,21.7578],[77.3527,21.7554],[77.359,21.7541],[77.373,21.7537],[77.3757,21.7549],[77.3812,21.7531],[77.3888,21.7535],[77.3949,21.7525],[77.4018,21.7523],[77.4171,21.7535],[77.4295,21.7577],[77.4354,21.758],[77.4436,21.7597],[77.4481,21.7594],[77.4563,21.7602],[77.4605,21.7634],[77.4706,21.7665],[77.4787,21.77],[77.4831,21.7669],[77.4832,21.7649],[77.482,21.7638]],[[77.1879,21.4325],[77.1906,21.4331],[77.1896,21.4354],[77.193,21.438],[77.1923,21.4402],[77.1906,21.4415],[77.1887,21.4414],[77.185,21.4399],[77.1824,21.4373],[77.1823,21.4361],[77.1834,21.4346],[77.1831,21.4331],[77.1879,21.4325]],[[77.1086,21.3999],[77.1085,21.3992],[77.1059,21.3983],[77.104,21.398],[77.1032,21.3985],[77.1029,21.3974],[77.1007,21.3969],[77.0993,21.3938],[77.1003,21.3912],[77.1001,21.3887],[77.1085,21.3909],[77.1103,21.3874],[77.1102,21.3855],[77.1124,21.3854],[77.1146,21.3835],[77.115,21.3813],[77.1155,21.3814],[77.1156,21.3838],[77.1193,21.3886],[77.1231,21.3897],[77.128,21.3935],[77.1308,21.3939],[77.1342,21.3919],[77.136,21.3939],[77.1328,21.3966],[77.126,21.3965],[77.1234,21.3952],[77.1229,21.3941],[77.1232,21.3934],[77.122,21.3935],[77.1219,21.3921],[77.113,21.3893],[77.1111,21.3941],[77.112,21.3982],[77.1129,21.3987],[77.1115,21.4006],[77.1086,21.3999]],[[76.9586,21.3052],[76.9643,21.3009],[76.972,21.3007],[76.9723,21.3066],[76.9715,21.3084],[76.9703,21.3085],[76.9698,21.3095],[76.9682,21.3102],[76.9619,21.311],[76.9622,21.3118],[76.9584,21.3099],[76.9586,21.3052]]]}},{"type":"Feature","properties":{"district":"Bhandara"},"geometry":{"type":"Polygon","coordinates":[[[79.761,21.5948],[79.7738,21.5903],[79.7825,21.5891],[79.7921,21.5866],[79.8083,21.5738],[79.8215,21.5615],[79.8234,21.5594],[79.8286,21.5489],[79.8331,21.5462],[79.8448,21.5431],[79.8507,21.5408],[79.8631,21.5308],[79.8732,21.5295],[79.8822,21.5262],[79.8865,21.523],[79.8899,21.5184],[79.8912,21.5182],[79.8927,21.5186],[79.8937,21.5197],[79.895,21.5224],[79.897,21.5244],[79.9053,21.5239],[79.9097,21.5228],[79.9178,21.5244],[79.9212,21.5223],[79.9264,21.5127],[79.9282,21.5019],[79.9281,21.4969],[79.9253,21.4909],[79.9225,21.4863],[79.9173,21.4799],[79.8912,21.4569],[79.8902,21.4551],[79.8895,21.4515],[79.8795,21.4385],[79.8791,21.4363],[79.8811,21.4288],[79.881,21.4273],[79.8795,21.4252],[79.8701,21.4202],[79.8529,21.4145],[79.8479,21.4117],[79.836,21.403],[79.8262,21.3947],[79.8213,21.3914],[79.8128,21.3884],[79.8027,21.3832],[79.7986,21.3791],[79.7961,21.3745],[79.7961,21.3713],[79.7989,21.3655],[79.8,21.3576],[79.803,21.359],[79.8035,21.3581],[79.8073,21.3582],[79.8078,21.357],[79.8097,21.3569],[79.8095,21.3575],[79.8104,21.3576],[79.811,21.355],[79.8132,21.3558],[79.8129,21.3484],[79.8116,21.3446],[79.8107,21.3389],[79.8116,21.336],[79.814,21.336],[79.8149,21.3353],[79.8144,21.3277],[79.813,21.3213],[79.8195,21.3197],[79.8258,21.3196],[79.8258,21.3187],[79.8288,21.3157],[79.8295,21.3136],[79.8286,21.313],[79.8298,21.3126],[79.8306,21.3114],[79.8307,21.3121],[79.8315,21.3117],[79.8306,21.3095],[79.8322,21.3089],[79.832,21.3097],[79.8326,21.3095],[79.833,21.3106],[79.8336,21.3095],[79.8337,21.3049],[79.833,21.3028],[79.8313,21.3028],[79.8306,21.3001],[79.8284,21.3004],[79.8281,21.2984],[79.8287,21.2977],[79.8291,21.2923],[79.8308,21.2924],[79.8312,21.2935],[79.8325,21.2922],[79.8332,21.2922],[79.8339,21.291],[79.8346,21.291],[79.8346,21.2894],[79.8361,21.2892],[79.8359,21.2885],[79.835,21.2887],[79.8341,21.2879],[79.834,21.2872],[79.8358,21.2868],[79.8378,21.2849],[79.8369,21.2842],[79.8336,21.2843],[79.833,21.2826],[79.8269,21.2809],[79.8262,21.28],[79.826,21.2772],[79.8262,21.2731],[79.8289,21.2731],[79.8313,21.2634],[79.8369,21.2628],[79.8367,21.2624],[79.838,21.2614],[79.8439,21.2597],[79.8492,21.2592],[79.8545,21.2603],[79.8558,21.2617],[79.8593,21.2616],[79.8605,21.2597],[79.8633,21.2582],[79.8639,21.2519],[79.8612,21.251],[79.8597,21.2522],[79.8537,21.2516],[79.8534,21.255],[79.8457,21.2555],[79.841,21.2569],[79.8404,21.2558],[79.8401,21.2538],[79.8426,21.2536],[79.8452,21.2522],[79.8488,21.2498],[79.8497,21.2485],[79.8529,21.2477],[79.8557,21.2448],[79.8581,21.2474],[79.8597,21.2478],[79.8607,21.2455],[79.8632,21.2446],[79.8657,21.2486],[79.8673,21.2498],[79.8741,21.2499],[79.8887,21.2559],[79.8895,21.2545],[79.8864,21.2533],[79.8868,21.2505],[79.8907,21.2525],[79.9026,21.2511],[79.9042,21.2493],[79.9036,21.2481],[79.9052,21.2473],[79.9059,21.2447],[79.9105,21.2502],[79.915,21.2516],[79.9207,21.2557],[79.9263,21.256],[79.9283,21.2548],[79.9317,21.2548],[79.9341,21.2555],[79.939,21.2549],[79.9469,21.2473],[79.9516,21.2441],[79.9558,21.2381],[79.9616,21.2369],[79.9628,21.236],[79.9642,21.2336],[79.966,21.2327],[79.9725,21.2331],[79.9735,21.2326],[79.9793,21.2335],[79.9801,21.2343],[79.9819,21.2346],[79.9858,21.2337],[79.9898,21.2339],[79.9905,21.2322],[79.9931,21.2297],[79.9943,21.2262],[79.9998,21.2224],[80.0028,21.2181],[80.011,21.2199],[80.0231,21.2286],[80.0245,21.2231],[80.0265,21.2207],[80.0242,21.2158],[80.0241,21.2137],[80.0248,21.2128],[80.0262,21.2121],[80.0284,21.2122],[80.0326,21.2135],[80.0351,21.2123],[80.0366,21.2101],[80.0368,21.2106],[80.0396,21.2099],[80.0416,21.2105],[80.044,21.2098],[80.0482,21.2069],[80.0493,21.2071],[80.0502,21.2065],[80.0497,21.2062],[80.0504,21.2057],[80.0497,21.2055],[80.0508,21.2025],[80.0549,21.2005],[80.0547,21.2001],[80.0687,21.1959],[80.0677,21.1941],[80.0689,21.1927],[80.068,21.1911],[80.0697,21.1909],[80.07,21.1898],[80.069,21.1888],[80.0705,21.1892],[80.0711,21.1883],[80.0721,21.1885],[80.0718,21.1873],[80.0729,21.187],[80.0725,21.1861],[80.0717,21.1861],[80.0717,21.185],[80.069,21.183],[80.0688,21.1813],[80.0703,21.1805],[80.0691,21.1796],[80.0691,21.1786],[80.0711,21.1788],[80.0706,21.1746],[80.0687,21.1743],[80.0669,21.1727],[80.0686,21.171],[80.0715,21.1642],[80.0722,21.1613],[80.0716,21.1593],[80.0721,21.1556],[80.0742,21.1552],[80.077,21.1504],[80.0792,21.1496],[80.0805,21.1477],[80.0795,21.1449],[80.0788,21.1381],[80.0779,21.1374],[80.0785,21.1365],[80.0735,21.1349],[80.0742,21.1323],[80.074,21.1273],[80.0717,21.1265],[80.0728,21.1234],[80.0726,21.1199],[80.0815,21.1205],[80.0821,21.1186],[80.0701,21.1131],[80.0675,21.1068],[80.0622,21.1022],[80.061,21.0992],[80.064,21.0985],[80.0685,21.1001],[80.0713,21.0989],[80.072,21.0998],[80.0738,21.0994],[80.0754,21.0984],[80.0765,21.0935],[80.0729,21.0885],[80.0697,21.0816],[80.077,21.0792],[80.0842,21.0756],[80.0843,21.0737],[80.0842,21.0727],[80.0829,21.0724],[80.0827,21.069],[80.0819,21.0687],[80.0803,21.0638],[80.0796,21.0637],[80.079,21.0624],[80.0774,21.0627],[80.0694,21.0608],[80.0688,21.0599],[80.0754,21.0577],[80.0751,21.0549],[80.0787,21.0531],[80.0787,21.0524],[80.0801,21.0511],[80.0799,21.0465],[80.0777,21.0428],[80.0765,21.0388],[80.0741,21.0367],[80.0674,21.0344],[80.0677,21.0334],[80.0671,21.0327],[80.0658,21.0326],[80.0649,21.0314],[80.063,21.0307],[80.0645,21.0301],[80.066,21.0319],[80.0667,21.0292],[80.0687,21.0296],[80.0726,21.0286],[80.0747,21.0293],[80.0776,21.0277],[80.0783,21.0312],[80.0808,21.0312],[80.0812,21.0316],[80.0805,21.0337],[80.0822,21.0339],[80.0835,21.0354],[80.087,21.0344],[80.088,21.0332],[80.0916,21.033],[80.0932,21.034],[80.095,21.0328],[80.0959,21.0328],[80.0964,21.0314],[80.0952,21.0298],[80.0945,21.0274],[80.0965,21.0275],[80.098,21.0267],[80.0976,21.0244],[80.099,21.0235],[80.0992,21.0224],[80.0986,21.0216],[80.0991,21.0192],[80.0972,21.0168],[80.0977,21.0155],[80.0969,21.0143],[80.0978,21.0128],[80.0965,21.0125],[80.0941,21.0105],[80.0945,21.0098],[80.094,21.0079],[80.095,21.0062],[80.0975,21.0053],[80.0975,21.0039],[80.0967,21.0037],[80.0978,21.0026],[80.0978,21.0011],[80.0989,21.0004],[80.0983,20.9994],[80.0987,20.998],[80.0993,20.9975],[80.1,20.9984],[80.1006,20.998],[80.0999,20.9958],[80.1009,20.9951],[80.0999,20.9927],[80.1014,20.9923],[80.1021,20.9905],[80.1017,20.9901],[80.0971,20.9918],[80.0935,20.9919],[80.0893,20.9903],[80.0839,20.9867],[80.0819,20.9873],[80.083,20.989],[80.0821,20.9895],[80.0764,20.9897],[80.0762,20.9883],[80.0824,20.9868],[80.0819,20.9824],[80.0811,20.9815],[80.0796,20.9762],[80.076,20.9696],[80.0748,20.9652],[80.0708,20.9654],[80.0707,20.9637],[80.072,20.9639],[80.0709,20.9566],[80.0679,20.9564],[80.0662,20.9576],[80.0605,20.9587],[80.0579,20.9582],[80.0586,20.9542],[80.0599,20.9537],[80.0621,20.9489],[80.053,20.9532],[80.0494,20.957],[80.0372,20.965],[80.0377,20.9587],[80.04,20.9577],[80.0434,20.9579],[80.0486,20.9555],[80.0474,20.9521],[80.0443,20.9493],[80.0437,20.9471],[80.0443,20.9433],[80.0435,20.9426],[80.0433,20.9404],[80.0406,20.9363],[80.033,20.9369],[80.0299,20.938],[80.0302,20.9396],[80.0288,20.9401],[80.0283,20.937],[80.0316,20.9353],[80.0307,20.9348],[80.0296,20.9351],[80.0286,20.9341],[80.0253,20.933],[80.0217,20.9328],[80.0194,20.9336],[80.0202,20.9342],[80.0199,20.9352],[80.0167,20.9354],[80.0137,20.9374],[80.0129,20.9371],[80.0124,20.9354],[80.0117,20.9366],[80.0102,20.9374],[80.0098,20.9386],[80.0106,20.9396],[80.0119,20.9389],[80.0126,20.9394],[80.0127,20.9411],[80.0111,20.9411],[80.0112,20.9427],[80.0119,20.9432],[80.0141,20.9425],[80.0147,20.9437],[80.0159,20.9435],[80.016,20.9424],[80.0179,20.9419],[80.0189,20.9425],[80.019,20.9435],[80.0203,20.9432],[80.0225,20.9451],[80.0294,20.9409],[80.0308,20.9465],[80.0335,20.9499],[80.0339,20.9559],[80.0345,20.957],[80.0324,20.9576],[80.0274,20.9571],[80.0233,20.9558],[80.0174,20.9558],[80.0166,20.9552],[80.016,20.9556],[80.0151,20.9538],[80.0131,20.9527],[80.0085,20.9541],[80.008,20.9527],[80.0046,20.9494],[80.0022,20.9486],[79.9994,20.95],[79.9974,20.9503],[79.9967,20.9498],[79.9968,20.9514],[79.9955,20.9521],[79.9938,20.9507],[79.9914,20.9525],[79.9895,20.9518],[79.9862,20.9528],[79.9858,20.9508],[79.9853,20.9504],[79.9837,20.9519],[79.9824,20.9505],[79.9823,20.949],[79.9812,20.9478],[79.9802,20.9484],[79.9793,20.9476],[79.9784,20.948],[79.9767,20.9471],[79.977,20.9494],[79.9754,20.9489],[79.9747,20.9511],[79.9715,20.9517],[79.971,20.9536],[79.9687,20.9532],[79.9643,20.9536],[79.9603,20.951],[79.9587,20.9513],[79.9578,20.9503],[79.957,20.9481],[79.9591,20.9452],[79.9576,20.9457],[79.9558,20.9453],[79.9534,20.9439],[79.9537,20.9424],[79.9528,20.9409],[79.9543,20.9389],[79.9593,20.9397],[79.969,20.94],[79.9691,20.9345],[79.9655,20.9338],[79.9637,20.932],[79.9617,20.9205],[79.9618,20.9174],[79.9631,20.9146],[79.9641,20.9139],[79.9675,20.9138],[79.9701,20.9099],[79.9704,20.9054],[79.9728,20.9],[79.9729,20.8959],[79.9715,20.8932],[79.9715,20.8912],[79.9745,20.8924],[79.9772,20.8901],[79.9762,20.8871],[79.975,20.8864],[79.9647,20.8873],[79.9645,20.8809],[79.9697,20.8808],[79.9704,20.8743],[79.9695,20.8713],[79.9688,20.8715],[79.9669,20.8586],[79.9655,20.8549],[79.9701,20.8554],[79.9744,20.8399],[79.9775,20.837],[79.9798,20.836],[79.9843,20.8421],[79.9864,20.8481],[79.9836,20.8502],[79.9829,20.8552],[79.9799,20.8553],[79.9813,20.8577],[79.981,20.8607],[79.9826,20.8621],[79.9841,20.8627],[79.9862,20.8599],[79.9863,20.8579],[79.9875,20.8551],[79.9992,20.8505],[79.9975,20.8445],[79.9929,20.8339],[79.9911,20.8304],[79.9878,20.827],[79.9851,20.8257],[79.9826,20.8258],[79.9818,20.8254],[79.9798,20.8262],[79.9772,20.8258],[79.9737,20.8266],[79.9719,20.8243],[79.9675,20.8257],[79.9675,20.831],[79.9658,20.8318],[79.9588,20.8265],[79.9511,20.8261],[79.9523,20.8223],[79.9595,20.814],[79.9591,20.8129],[79.9576,20.8134],[79.9566,20.809],[79.9537,20.8066],[79.9476,20.804],[79.9466,20.8051],[79.9446,20.8045],[79.9405,20.8014],[79.9417,20.7884],[79.9496,20.7887],[79.9473,20.7799],[79.9535,20.7792],[79.9557,20.7817],[79.9597,20.7834],[79.9672,20.7831],[79.9797,20.773],[79.9689,20.7704],[79.9553,20.766],[79.9567,20.7528],[79.9605,20.7521],[79.9605,20.7506],[79.966,20.7487],[79.9714,20.7451],[79.9677,20.7369],[79.9649,20.7379],[79.9625,20.7379],[79.9561,20.7314],[79.958,20.7304],[79.9577,20.7288],[79.9561,20.727],[79.9551,20.7277],[79.9547,20.7301],[79.9528,20.7282],[79.9503,20.7279],[79.9471,20.7291],[79.9472,20.7279],[79.948,20.7272],[79.9469,20.7262],[79.9474,20.7257],[79.9463,20.7237],[79.9471,20.7231],[79.946,20.7224],[79.9466,20.722],[79.9461,20.7213],[79.9443,20.721],[79.9452,20.7203],[79.9453,20.719],[79.9476,20.718],[79.9495,20.7179],[79.9533,20.72],[79.9547,20.7202],[79.9616,20.7167],[79.9693,20.7153],[79.9712,20.7113],[79.9702,20.7062],[79.9652,20.6976],[79.9648,20.6942],[79.9506,20.6864],[79.947,20.682],[79.9447,20.6819],[79.9427,20.6801],[79.9407,20.6795],[79.9382,20.6799],[79.9378,20.6792],[79.9347,20.6785],[79.9349,20.6766],[79.9334,20.6742],[79.9336,20.6717],[79.9311,20.6685],[79.915,20.6751],[79.9057,20.6769],[79.898,20.683],[79.8953,20.6862],[79.888,20.6887],[79.8768,20.6886],[79.8699,20.6875],[79.858,20.6821],[79.8528,20.6811],[79.8496,20.681],[79.8392,20.6835],[79.8389,20.6827],[79.836,20.6832],[79.8278,20.6861],[79.8268,20.6874],[79.8136,20.694],[79.8064,20.6972],[79.8042,20.6973],[79.8007,20.6993],[79.7962,20.703],[79.7937,20.7068],[79.7923,20.7141],[79.7913,20.7163],[79.7915,20.7188],[79.7809,20.7267],[79.7777,20.7277],[79.7703,20.7323],[79.7655,20.7341],[79.7582,20.7349],[79.7571,20.7281],[79.7561,20.7239],[79.7541,20.7194],[79.7531,20.7135],[79.7547,20.7136],[79.755,20.7118],[79.756,20.711],[79.7592,20.7107],[79.759,20.7075],[79.7583,20.7056],[79.7547,20.701],[79.7538,20.6938],[79.7511,20.6881],[79.742,20.687],[79.737,20.6859],[79.7339,20.6843],[79.7276,20.6844],[79.7217,20.6856],[79.7206,20.6863],[79.7172,20.6861],[79.7128,20.6875],[79.7108,20.6871],[79.7099,20.6845],[79.7038,20.6801],[79.6988,20.6751],[79.6931,20.6733],[79.6925,20.6672],[79.6951,20.6633],[79.6958,20.66],[79.6983,20.6571],[79.6985,20.654],[79.6977,20.651],[79.7,20.6498],[79.7002,20.6486],[79.6996,20.645],[79.6978,20.6449],[79.696,20.6422],[79.6933,20.6414],[79.6909,20.6416],[79.6808,20.65],[79.6746,20.6514],[79.6704,20.6503],[79.6631,20.6542],[79.6615,20.6562],[79.6621,20.6593],[79.6615,20.661],[79.662,20.6621],[79.6617,20.6648],[79.659,20.6675],[79.6547,20.668],[79.6511,20.6708],[79.6453,20.6733],[79.6306,20.6756],[79.6257,20.6749],[79.6196,20.6762],[79.617,20.6818],[79.6166,20.6859],[79.6135,20.6922],[79.6082,20.6965],[79.6062,20.6946],[79.6009,20.6914],[79.5885,20.6915],[79.5815,20.6959],[79.5742,20.6978],[79.57,20.6981],[79.5685,20.6981],[79.567,20.6971],[79.5671,20.6978],[79.566,20.6987],[79.5655,20.7075],[79.5616,20.7072],[79.5591,20.7057],[79.5532,20.7061],[79.553,20.7071],[79.5521,20.7071],[79.5501,20.7071],[79.5503,20.7061],[79.5451,20.7068],[79.5449,20.7062],[79.5424,20.707],[79.5359,20.7055],[79.5334,20.7072],[79.5337,20.7077],[79.5321,20.708],[79.532,20.709],[79.5308,20.7082],[79.5313,20.7099],[79.5292,20.7109],[79.529,20.7117],[79.5273,20.7118],[79.5271,20.7127],[79.518,20.7142],[79.5194,20.7214],[79.5199,20.7213],[79.5203,20.7229],[79.5214,20.7228],[79.5214,20.7241],[79.5228,20.7265],[79.5215,20.728],[79.5226,20.7289],[79.5223,20.7299],[79.5233,20.7312],[79.5228,20.7318],[79.5238,20.7321],[79.5233,20.7328],[79.5248,20.7334],[79.5258,20.7352],[79.527,20.735],[79.5293,20.7365],[79.5284,20.7385],[79.5291,20.7391],[79.5286,20.7406],[79.5301,20.7413],[79.5319,20.7476],[79.5313,20.7482],[79.5314,20.7566],[79.5349,20.7593],[79.5348,20.7628],[79.5353,20.7635],[79.5362,20.7632],[79.5366,20.7647],[79.5326,20.771],[79.5315,20.7748],[79.5324,20.7759],[79.5354,20.7773],[79.5354,20.7792],[79.5363,20.781],[79.5413,20.7819],[79.5461,20.7858],[79.5447,20.7913],[79.5455,20.7911],[79.5464,20.7919],[79.547,20.7938],[79.5498,20.7948],[79.5505,20.7976],[79.552,20.7985],[79.5517,20.7994],[79.5536,20.8004],[79.5538,20.7998],[79.5575,20.8007],[79.5596,20.8027],[79.558,20.8045],[79.5584,20.8053],[79.5597,20.8054],[79.5595,20.8081],[79.5589,20.809],[79.5562,20.8101],[79.5557,20.8115],[79.5561,20.8138],[79.5547,20.8135],[79.5537,20.8145],[79.5536,20.8174],[79.5504,20.8205],[79.5518,20.8213],[79.5518,20.8262],[79.5485,20.8266],[79.5466,20.829],[79.5464,20.8304],[79.548,20.8316],[79.5466,20.8327],[79.5472,20.8344],[79.5429,20.8394],[79.5412,20.8398],[79.5389,20.8436],[79.5396,20.848],[79.5373,20.8522],[79.5387,20.8515],[79.5415,20.8523],[79.5495,20.8497],[79.5545,20.8538],[79.5556,20.8561],[79.5564,20.8561],[79.558,20.8551],[79.5581,20.8535],[79.559,20.8543],[79.5605,20.8539],[79.5608,20.8531],[79.5627,20.8525],[79.563,20.8514],[79.5651,20.8508],[79.5642,20.8464],[79.5652,20.8454],[79.5744,20.8447],[79.5796,20.8434],[79.5827,20.8449],[79.5884,20.8508],[79.5919,20.8553],[79.593,20.8601],[79.5945,20.8613],[79.596,20.8642],[79.5981,20.8642],[79.5976,20.8649],[79.5982,20.8655],[79.5993,20.8648],[79.5991,20.8638],[79.5998,20.8636],[79.6028,20.8651],[79.6036,20.866],[79.6029,20.8666],[79.6034,20.8671],[79.6042,20.8667],[79.6058,20.8674],[79.6077,20.8665],[79.6086,20.8641],[79.6093,20.8641],[79.6098,20.8652],[79.6102,20.864],[79.613,20.866],[79.6095,20.8712],[79.608,20.8755],[79.6084,20.8796],[79.6108,20.8858],[79.6111,20.8897],[79.6103,20.897],[79.6124,20.9036],[79.6144,20.9062],[79.6204,20.9094],[79.6253,20.9109],[79.6329,20.9118],[79.6463,20.9247],[79.648,20.9275],[79.6541,20.944],[79.657,20.9628],[79.6548,20.9722],[79.6512,20.9784],[79.6499,20.9801],[79.6412,20.9863],[79.6371,20.9904],[79.6317,21.0035],[79.6217,21.0166],[79.6133,21.0318],[79.6068,21.0504],[79.602,21.0596],[79.5989,21.0698],[79.5966,21.0739],[79.5923,21.0768],[79.5876,21.0776],[79.5848,21.0757],[79.581,21.0686],[79.5791,21.0667],[79.5764,21.0657],[79.5721,21.0661],[79.5675,21.0685],[79.5648,21.0709],[79.5614,21.0778],[79.5581,21.0809],[79.5537,21.0873],[79.5507,21.0887],[79.548,21.0883],[79.5427,21.0856],[79.5424,21.0845],[79.5392,21.0815],[79.5333,21.0784],[79.53,21.0778],[79.5264,21.0789],[79.5234,21.0824],[79.5196,21.0889],[79.5228,21.0902],[79.5231,21.0909],[79.5244,21.0907],[79.5307,21.0936],[79.5322,21.0958],[79.5285,21.0977],[79.5283,21.0991],[79.5265,21.1],[79.5251,21.1025],[79.5224,21.1037],[79.5179,21.1036],[79.5165,21.1047],[79.5172,21.1077],[79.5213,21.1146],[79.522,21.1144],[79.524,21.1171],[79.5247,21.1199],[79.5213,21.1212],[79.5172,21.1212],[79.5164,21.1229],[79.5146,21.1235],[79.5147,21.1245],[79.5141,21.1251],[79.5131,21.1248],[79.5126,21.1237],[79.5102,21.124],[79.5107,21.1253],[79.509,21.1266],[79.5101,21.1297],[79.5099,21.1327],[79.5055,21.1355],[79.5049,21.1357],[79.503,21.1344],[79.5006,21.1344],[79.5002,21.1349],[79.5012,21.1371],[79.4982,21.1364],[79.4962,21.1381],[79.4937,21.1378],[79.4932,21.1405],[79.4937,21.1428],[79.4974,21.1426],[79.4976,21.1434],[79.5017,21.1453],[79.5019,21.1464],[79.503,21.1461],[79.5041,21.1471],[79.5065,21.1549],[79.5081,21.1629],[79.5079,21.1639],[79.5063,21.1653],[79.4994,21.1682],[79.5004,21.1703],[79.4991,21.1708],[79.4998,21.1752],[79.497,21.1759],[79.4971,21.1783],[79.4958,21.1791],[79.4983,21.1837],[79.5011,21.183],[79.506,21.1832],[79.5074,21.1824],[79.5075,21.1828],[79.5077,21.1811],[79.5105,21.1805],[79.5105,21.1792],[79.5124,21.1779],[79.5121,21.1774],[79.513,21.1763],[79.515,21.1761],[79.5159,21.1775],[79.5165,21.1753],[79.519,21.1767],[79.5195,21.1791],[79.521,21.1789],[79.5211,21.1795],[79.5223,21.1793],[79.5221,21.1783],[79.5228,21.1776],[79.5248,21.1783],[79.5255,21.1768],[79.5269,21.1773],[79.5289,21.1764],[79.5303,21.1745],[79.5296,21.1729],[79.5273,21.1708],[79.525,21.171],[79.5242,21.1685],[79.5247,21.1678],[79.5231,21.1665],[79.5226,21.1641],[79.5282,21.1627],[79.5303,21.1614],[79.5301,21.1608],[79.5316,21.1602],[79.5321,21.1591],[79.5358,21.1582],[79.541,21.159],[79.5418,21.1586],[79.5413,21.1575],[79.5417,21.1567],[79.5437,21.1587],[79.5447,21.158],[79.5449,21.1588],[79.5441,21.1589],[79.5451,21.1601],[79.5466,21.159],[79.5468,21.1598],[79.5494,21.159],[79.5495,21.1597],[79.5501,21.1596],[79.5501,21.1586],[79.5522,21.1593],[79.5524,21.1584],[79.5539,21.1578],[79.5538,21.157],[79.5553,21.1578],[79.5552,21.1569],[79.5546,21.1567],[79.5571,21.1561],[79.558,21.1588],[79.5564,21.1586],[79.5564,21.1597],[79.5581,21.1607],[79.5588,21.1602],[79.56,21.1613],[79.5577,21.1641],[79.5586,21.1642],[79.5594,21.1661],[79.5574,21.1674],[79.5581,21.1692],[79.5577,21.1697],[79.5554,21.1688],[79.5536,21.1694],[79.5509,21.1713],[79.5509,21.1732],[79.5546,21.1789],[79.556,21.1834],[79.5595,21.1856],[79.5604,21.1892],[79.5592,21.1913],[79.5573,21.1919],[79.5571,21.1931],[79.5583,21.1949],[79.5582,21.1965],[79.557,21.1977],[79.5584,21.1985],[79.557,21.203],[79.5494,21.2066],[79.5497,21.2084],[79.5528,21.2099],[79.5553,21.213],[79.5579,21.2188],[79.5588,21.2186],[79.56,21.2251],[79.5611,21.2251],[79.5615,21.2269],[79.5631,21.2269],[79.5632,21.2312],[79.5613,21.2312],[79.5613,21.232],[79.5601,21.2321],[79.5602,21.233],[79.5595,21.2333],[79.5605,21.2414],[79.5633,21.2459],[79.5646,21.2469],[79.5689,21.2476],[79.5686,21.253],[79.5671,21.2587],[79.5674,21.2623],[79.5691,21.2668],[79.5698,21.2719],[79.5738,21.2716],[79.5761,21.2764],[79.5749,21.2796],[79.5736,21.2803],[79.575,21.2822],[79.5751,21.2835],[79.5723,21.283],[79.5719,21.2838],[79.5721,21.2869],[79.5707,21.292],[79.5682,21.2916],[79.5688,21.2935],[79.568,21.2939],[79.5672,21.2957],[79.5656,21.2963],[79.5662,21.2976],[79.5646,21.2976],[79.5642,21.2996],[79.5608,21.2974],[79.5612,21.3003],[79.5599,21.3031],[79.5562,21.3017],[79.5556,21.3021],[79.5575,21.3042],[79.5555,21.3051],[79.5542,21.3049],[79.5536,21.3057],[79.5538,21.3067],[79.5563,21.3073],[79.5567,21.3085],[79.5537,21.3101],[79.5534,21.3122],[79.5523,21.3131],[79.5539,21.3149],[79.5532,21.3152],[79.5529,21.3167],[79.5515,21.3167],[79.5512,21.3177],[79.5524,21.3182],[79.554,21.3169],[79.5552,21.318],[79.5545,21.3189],[79.5556,21.3218],[79.5549,21.3232],[79.5565,21.3243],[79.5552,21.3246],[79.5553,21.3255],[79.5537,21.3263],[79.5552,21.3286],[79.5537,21.3302],[79.5508,21.329],[79.5498,21.3302],[79.5487,21.3291],[79.5486,21.33],[79.5443,21.3317],[79.5443,21.3332],[79.5425,21.3348],[79.5414,21.3372],[79.5407,21.3373],[79.5404,21.3366],[79.5389,21.3377],[79.5395,21.3395],[79.5392,21.341],[79.5338,21.3398],[79.537,21.3443],[79.5363,21.3453],[79.5351,21.3448],[79.5356,21.3465],[79.534,21.3458],[79.5337,21.3488],[79.5317,21.3481],[79.5302,21.3492],[79.5292,21.3486],[79.5285,21.3493],[79.5264,21.349],[79.5263,21.3504],[79.5252,21.3507],[79.5257,21.3517],[79.5241,21.3535],[79.5243,21.3559],[79.5236,21.3562],[79.5241,21.3569],[79.5235,21.3577],[79.5247,21.3599],[79.5233,21.3612],[79.5237,21.3616],[79.5227,21.3642],[79.5221,21.3646],[79.5214,21.3639],[79.5215,21.3648],[79.5191,21.3663],[79.5174,21.3663],[79.5167,21.3692],[79.5172,21.3713],[79.5163,21.3713],[79.5149,21.3727],[79.5155,21.3738],[79.5148,21.3736],[79.5138,21.3747],[79.513,21.3747],[79.5135,21.3767],[79.512,21.3773],[79.5109,21.3788],[79.5108,21.3802],[79.5095,21.3808],[79.5088,21.3805],[79.5088,21.383],[79.5079,21.3832],[79.508,21.3838],[79.5071,21.3839],[79.5072,21.3858],[79.5022,21.3912],[79.5027,21.3917],[79.5024,21.3927],[79.4995,21.3985],[79.4881,21.3992],[79.4848,21.3985],[79.4838,21.3988],[79.4846,21.4002],[79.4863,21.4003],[79.4882,21.4031],[79.4865,21.406],[79.4872,21.4076],[79.4862,21.4087],[79.4852,21.4126],[79.4856,21.4192],[79.482,21.4272],[79.4802,21.4289],[79.4748,21.4288],[79.4702,21.426],[79.4684,21.4259],[79.4678,21.4246],[79.4669,21.4246],[79.4642,21.4263],[79.4621,21.4259],[79.4568,21.428],[79.4549,21.431],[79.4484,21.4347],[79.4481,21.4438],[79.4495,21.4477],[79.4488,21.4504],[79.4501,21.4517],[79.4483,21.4568],[79.4491,21.4594],[79.4525,21.459],[79.4539,21.4605],[79.4576,21.4625],[79.4584,21.468],[79.4599,21.4679],[79.4629,21.4742],[79.4691,21.4836],[79.471,21.4831],[79.4725,21.4839],[79.4751,21.4896],[79.4785,21.4932],[79.4815,21.4992],[79.4803,21.5015],[79.4829,21.5014],[79.4843,21.5032],[79.4924,21.5083],[79.4959,21.5145],[79.4998,21.5168],[79.5069,21.5263],[79.5082,21.5289],[79.512,21.5313],[79.5139,21.5342],[79.5196,21.5359],[79.5247,21.5395],[79.527,21.54],[79.5271,21.5392],[79.5277,21.5392],[79.5317,21.5399],[79.5348,21.5367],[79.5366,21.5358],[79.5382,21.5369],[79.5375,21.539],[79.5399,21.5415],[79.5402,21.5427],[79.5458,21.5446],[79.5506,21.544],[79.5589,21.5459],[79.5618,21.5472],[79.5655,21.5476],[79.5684,21.5467],[79.5722,21.5438],[79.576,21.542],[79.578,21.5413],[79.5814,21.5413],[79.5841,21.5423],[79.5891,21.5466],[79.5916,21.5479],[79.5947,21.5489],[79.6,21.5495],[79.6168,21.5568],[79.6201,21.5576],[79.6223,21.5576],[79.6312,21.5543],[79.6396,21.553],[79.6521,21.556],[79.6553,21.5581],[79.6584,21.5637],[79.6596,21.5679],[79.6603,21.5758],[79.6609,21.5769],[79.6661,21.5792],[79.672,21.5803],[79.6754,21.5823],[79.683,21.5806],[79.6895,21.581],[79.695,21.5854],[79.6969,21.591],[79.6991,21.5929],[79.712,21.5919],[79.7182,21.5931],[79.724,21.5952],[79.7315,21.6022],[79.7349,21.6038],[79.739,21.6037],[79.7419,21.603],[79.7489,21.5979],[79.7543,21.5955],[79.761,21.5948]]]}},{"type":"Feature","properties":{"district":"Buldhana"},"geometry":{"type":"Polygon","coordinates":[[[76.7203,21.2885],[76.7237,21.2892],[76.723,21.2858],[76.7263,21.2821],[76.7259,21.2797],[76.7273,21.2801],[76.7286,21.2791],[76.7306,21.2788],[76.7323,21.2772],[76.7341,21.2722],[76.7356,21.2634],[76.7368,21.2609],[76.7375,21.2604],[76.7404,21.261],[76.7417,21.2606],[76.7439,21.2544],[76.7464,21.2545],[76.7485,21.2508],[76.7409,21.2415],[76.7448,21.2315],[76.7479,21.2269],[76.746,21.2232],[76.7524,21.2183],[76.7572,21.2217],[76.7592,21.2215],[76.7607,21.2203],[76.7622,21.2171],[76.7646,21.2063],[76.7642,21.2011],[76.7661,21.1938],[76.7677,21.1912],[76.7758,21.1907],[76.782,21.1943],[76.7822,21.1908],[76.7815,21.1883],[76.7752,21.1867],[76.7712,21.1828],[76.7716,21.1763],[76.7757,21.1708],[76.7776,21.1672],[76.7781,21.1647],[76.7757,21.1646],[76.7758,21.1598],[76.7749,21.1572],[76.7741,21.1573],[76.7742,21.1564],[76.772,21.1535],[76.7717,21.1494],[76.7723,21.1481],[76.7736,21.1474],[76.776,21.1477],[76.7777,21.1498],[76.7784,21.15],[76.7792,21.149],[76.7788,21.1453],[76.7757,21.1405],[76.7777,21.138],[76.7808,21.1369],[76.7818,21.1359],[76.7828,21.1292],[76.7846,21.1252],[76.7864,21.1239],[76.7891,21.1236],[76.7905,21.1227],[76.7904,21.1194],[76.7876,21.115],[76.7874,21.1118],[76.7891,21.1095],[76.789,21.1051],[76.7869,21.1024],[76.7857,21.0993],[76.7834,21.0966],[76.7829,21.0911],[76.7813,21.0899],[76.7762,21.0886],[76.774,21.0868],[76.7733,21.0845],[76.774,21.0769],[76.7757,21.0744],[76.7766,21.0737],[76.785,21.072],[76.7813,21.0513],[76.775,21.0522],[76.7755,21.0508],[76.7743,21.0489],[76.7745,21.0481],[76.7739,21.0478],[76.7751,21.0465],[76.7733,21.0449],[76.7719,21.0449],[76.7714,21.044],[76.7697,21.0437],[76.7679,21.041],[76.7637,21.0386],[76.7636,21.0374],[76.7714,21.0369],[76.7716,21.033],[76.7735,21.0311],[76.773,21.0271],[76.7719,21.024],[76.7772,21.024],[76.7781,21.0284],[76.7916,21.0276],[76.7939,21.0271],[76.7931,21.0235],[76.7943,21.0227],[76.795,21.021],[76.7985,21.019],[76.7985,21.018],[76.7969,21.016],[76.7979,21.0137],[76.7966,21.0123],[76.7973,21.0108],[76.7966,21.0094],[76.7959,21.0094],[76.7962,21.0083],[76.7949,21.0065],[76.7958,21.006],[76.7962,21.004],[76.794,21.0032],[76.7898,21.0027],[76.7895,21.002],[76.7843,21.0006],[76.7785,21.0001],[76.7771,20.9989],[76.7757,20.996],[76.7759,20.9901],[76.7841,20.9892],[76.7835,20.9791],[76.784,20.9728],[76.7974,20.9715],[76.7983,20.9727],[76.8046,20.9724],[76.8062,20.9718],[76.8059,20.9709],[76.8079,20.9692],[76.8119,20.9688],[76.8117,20.9676],[76.8089,20.9679],[76.8089,20.9671],[76.8077,20.9669],[76.8084,20.9663],[76.8082,20.9628],[76.8112,20.9614],[76.8114,20.9602],[76.8086,20.9599],[76.8101,20.959],[76.8092,20.9566],[76.8059,20.9572],[76.8006,20.9602],[76.7891,20.9625],[76.7887,20.9591],[76.7894,20.959],[76.7891,20.9536],[76.7866,20.94],[76.7819,20.941],[76.7822,20.9403],[76.7799,20.9376],[76.7778,20.9334],[76.7758,20.9314],[76.7759,20.93],[76.7771,20.9289],[76.7795,20.9311],[76.7814,20.9299],[76.784,20.9304],[76.7861,20.9289],[76.7858,20.928],[76.7881,20.9279],[76.7883,20.9258],[76.7873,20.9245],[76.787,20.9203],[76.7877,20.9174],[76.7903,20.9171],[76.7902,20.9156],[76.7873,20.911],[76.7841,20.9081],[76.7812,20.9078],[76.7753,20.909],[76.7749,20.9104],[76.7759,20.9115],[76.7796,20.9127],[76.7805,20.9139],[76.7801,20.9151],[76.7772,20.916],[76.7744,20.9212],[76.7671,20.9234],[76.7634,20.9232],[76.7572,20.9213],[76.7536,20.9211],[76.7498,20.9233],[76.7465,20.9281],[76.7445,20.9286],[76.7357,20.9249],[76.7342,20.9238],[76.7332,20.9212],[76.7321,20.9203],[76.7263,20.9203],[76.7189,20.9174],[76.7171,20.9174],[76.7151,20.9196],[76.7119,20.921],[76.6991,20.9206],[76.6954,20.92],[76.6911,20.9178],[76.6931,20.9154],[76.6987,20.9121],[76.6955,20.9076],[76.6958,20.9065],[76.6979,20.9061],[76.7048,20.9077],[76.7074,20.9075],[76.7079,20.9061],[76.707,20.9026],[76.7143,20.8988],[76.7179,20.8984],[76.7185,20.8976],[76.7178,20.8914],[76.7186,20.8907],[76.7217,20.8901],[76.7267,20.8836],[76.7301,20.8841],[76.7321,20.8861],[76.7328,20.8882],[76.734,20.8891],[76.7367,20.8878],[76.742,20.8883],[76.7446,20.8873],[76.7452,20.8848],[76.7446,20.8807],[76.7474,20.8766],[76.7472,20.8751],[76.7456,20.873],[76.7462,20.8714],[76.7478,20.8707],[76.75,20.8714],[76.7534,20.8739],[76.7545,20.8694],[76.7545,20.8646],[76.7644,20.8571],[76.7635,20.8545],[76.7604,20.8538],[76.7612,20.8503],[76.7607,20.8493],[76.7584,20.8486],[76.7578,20.8475],[76.7582,20.846],[76.7554,20.8463],[76.7553,20.839],[76.7538,20.8385],[76.751,20.8352],[76.7513,20.8318],[76.7542,20.8249],[76.7454,20.8238],[76.7455,20.8176],[76.7471,20.8175],[76.7445,20.8029],[76.7451,20.8026],[76.7445,20.7969],[76.7574,20.7948],[76.7625,20.7948],[76.7647,20.7931],[76.7663,20.791],[76.7673,20.7867],[76.7692,20.7826],[76.7714,20.7805],[76.7729,20.7766],[76.7729,20.7733],[76.7709,20.764],[76.7638,20.7563],[76.7578,20.7524],[76.7577,20.7474],[76.754,20.7386],[76.754,20.7373],[76.756,20.7325],[76.7557,20.7304],[76.7571,20.7285],[76.7632,20.7264],[76.7638,20.7247],[76.7634,20.7203],[76.759,20.7199],[76.7551,20.718],[76.7512,20.717],[76.7512,20.7154],[76.7374,20.7154],[76.7358,20.7163],[76.7352,20.7155],[76.7353,20.7116],[76.7327,20.6963],[76.729,20.6989],[76.7257,20.7002],[76.7228,20.69],[76.7394,20.6872],[76.7382,20.6797],[76.7408,20.6795],[76.7388,20.6664],[76.7383,20.6642],[76.736,20.6649],[76.7323,20.6557],[76.7518,20.6551],[76.7536,20.6546],[76.7548,20.6559],[76.7559,20.656],[76.7573,20.6553],[76.7573,20.6532],[76.7591,20.6517],[76.7601,20.6489],[76.7588,20.6487],[76.7573,20.6477],[76.7567,20.6463],[76.7556,20.6461],[76.7562,20.6446],[76.7527,20.6388],[76.7532,20.6364],[76.7518,20.6349],[76.7519,20.634],[76.7499,20.6301],[76.7706,20.6263],[76.7703,20.6246],[76.7635,20.6126],[76.7606,20.6028],[76.7685,20.6025],[76.7818,20.6033],[76.7832,20.6021],[76.7847,20.5991],[76.7889,20.5952],[76.7864,20.5912],[76.7863,20.5897],[76.7878,20.5873],[76.7871,20.5868],[76.7767,20.5872],[76.7736,20.5803],[76.7721,20.5792],[76.7708,20.577],[76.7688,20.5757],[76.769,20.5744],[76.771,20.5739],[76.7831,20.5725],[76.7802,20.5662],[76.7777,20.5558],[76.772,20.5451],[76.7704,20.5367],[76.7706,20.5282],[76.7697,20.5188],[76.7704,20.5179],[76.7624,20.511],[76.7602,20.5101],[76.7576,20.51],[76.7545,20.5115],[76.7524,20.5112],[76.7519,20.5102],[76.7521,20.5028],[76.7472,20.498],[76.7467,20.4955],[76.7455,20.4954],[76.7451,20.4967],[76.7416,20.4947],[76.7353,20.4931],[76.7336,20.4931],[76.7374,20.495],[76.7379,20.4967],[76.7373,20.4975],[76.7373,20.5053],[76.7354,20.5114],[76.7313,20.5135],[76.7258,20.5124],[76.7254,20.5134],[76.7266,20.516],[76.726,20.5166],[76.7221,20.5141],[76.7173,20.5138],[76.7157,20.5154],[76.7107,20.5059],[76.7076,20.4964],[76.7057,20.4873],[76.7061,20.4794],[76.7085,20.4755],[76.7114,20.4733],[76.71,20.4721],[76.7065,20.471],[76.6997,20.4712],[76.6931,20.4591],[76.6961,20.4578],[76.6987,20.4556],[76.701,20.4525],[76.702,20.4497],[76.708,20.4435],[76.7077,20.4421],[76.7107,20.4403],[76.7115,20.4391],[76.7138,20.4384],[76.7142,20.4352],[76.713,20.4316],[76.7127,20.4186],[76.7192,20.4183],[76.7194,20.4172],[76.72,20.4171],[76.7199,20.4157],[76.7228,20.4154],[76.7222,20.4116],[76.7244,20.4092],[76.7247,20.4078],[76.7265,20.4071],[76.7268,20.3986],[76.7234,20.3896],[76.7146,20.3856],[76.7094,20.3853],[76.7088,20.3846],[76.7096,20.3803],[76.7049,20.3745],[76.7046,20.3624],[76.6999,20.352],[76.713,20.3484],[76.7284,20.3429],[76.727,20.3373],[76.7351,20.3399],[76.7451,20.3374],[76.7452,20.33],[76.7445,20.3305],[76.7442,20.3295],[76.7425,20.3302],[76.7426,20.3288],[76.7442,20.3276],[76.7537,20.3267],[76.7656,20.3163],[76.768,20.3217],[76.7847,20.318],[76.7923,20.3142],[76.7901,20.3109],[76.7889,20.3106],[76.7886,20.3099],[76.7879,20.3067],[76.7881,20.3015],[76.7869,20.2976],[76.7861,20.2894],[76.791,20.2869],[76.8044,20.2867],[76.8059,20.2883],[76.8117,20.278],[76.8196,20.2806],[76.8259,20.2714],[76.8256,20.2682],[76.8208,20.2614],[76.8235,20.2559],[76.8247,20.2492],[76.8243,20.242],[76.8213,20.2347],[76.8143,20.2281],[76.8111,20.2222],[76.8109,20.2193],[76.8015,20.221],[76.7948,20.2183],[76.7892,20.2059],[76.788,20.2046],[76.7847,20.2032],[76.7729,20.206],[76.7735,20.2078],[76.7683,20.2094],[76.7524,20.2089],[76.7505,20.2086],[76.7506,20.207],[76.7468,20.2067],[76.7452,20.2022],[76.7452,20.1961],[76.7467,20.1931],[76.7469,20.1884],[76.7474,20.1874],[76.7493,20.187],[76.7503,20.1775],[76.7483,20.1654],[76.7531,20.1643],[76.7593,20.1616],[76.7622,20.1613],[76.7607,20.1484],[76.7599,20.1458],[76.7606,20.1434],[76.7602,20.1395],[76.7588,20.1329],[76.7574,20.1311],[76.7494,20.1283],[76.7438,20.1283],[76.7322,20.125],[76.7221,20.1272],[76.7163,20.1261],[76.708,20.1227],[76.6965,20.1217],[76.6921,20.1215],[76.682,20.123],[76.6689,20.1261],[76.6667,20.1194],[76.6627,20.1177],[76.6581,20.1135],[76.6578,20.1062],[76.6602,20.0972],[76.6582,20.0976],[76.6519,20.0914],[76.6494,20.0807],[76.6485,20.0696],[76.6462,20.0692],[76.6376,20.0717],[76.6355,20.0736],[76.6328,20.0744],[76.6325,20.0761],[76.6341,20.0807],[76.6325,20.082],[76.6305,20.0822],[76.6294,20.0747],[76.6263,20.063],[76.624,20.0512],[76.6278,20.0511],[76.6324,20.0497],[76.6352,20.0503],[76.6353,20.0496],[76.6556,20.0486],[76.6631,20.0476],[76.6613,20.0325],[76.6584,20.0218],[76.6584,20.0019],[76.6556,19.9993],[76.6516,19.9922],[76.6455,19.9847],[76.6495,19.9827],[76.6548,19.9813],[76.6607,19.9787],[76.6593,19.9656],[76.6591,19.9644],[76.6454,19.9649],[76.6415,19.9616],[76.6366,19.9595],[76.6345,19.9564],[76.6343,19.9551],[76.6344,19.9535],[76.6356,19.9514],[76.6355,19.9436],[76.6369,19.9383],[76.6365,19.9337],[76.6284,19.9255],[76.6223,19.9231],[76.6102,19.9239],[76.6074,19.9249],[76.6067,19.9248],[76.6057,19.9221],[76.6062,19.9225],[76.6081,19.9215],[76.6107,19.9181],[76.613,19.9098],[76.6131,19.9072],[76.6137,19.9067],[76.6128,19.9017],[76.6107,19.8998],[76.6104,19.8963],[76.611,19.8931],[76.613,19.8933],[76.6136,19.8925],[76.6243,19.8895],[76.6264,19.8923],[76.6279,19.8928],[76.6286,19.894],[76.6302,19.8948],[76.6332,19.8993],[76.6443,19.8994],[76.6544,19.9005],[76.6596,19.8922],[76.6588,19.8857],[76.653,19.8788],[76.6526,19.8736],[76.6471,19.867],[76.6468,19.8675],[76.6332,19.869],[76.6317,19.8628],[76.6244,19.8486],[76.6189,19.8448],[76.6194,19.8413],[76.6141,19.8383],[76.6108,19.8375],[76.6058,19.8405],[76.6049,19.8417],[76.6017,19.843],[76.5999,19.8417],[76.5935,19.8431],[76.5917,19.8445],[76.5872,19.8443],[76.5842,19.845],[76.577,19.8442],[76.5696,19.8454],[76.5675,19.8399],[76.5641,19.8395],[76.5602,19.8411],[76.5466,19.8439],[76.5405,19.8466],[76.5396,19.8454],[76.5366,19.8468],[76.5341,19.8503],[76.5346,19.8533],[76.534,19.8542],[76.534,19.8576],[76.5312,19.8618],[76.5345,19.8655],[76.5185,19.8728],[76.517,19.8742],[76.5187,19.8759],[76.5182,19.8783],[76.5145,19.8787],[76.5138,19.8774],[76.5122,19.8767],[76.5065,19.878],[76.503,19.8843],[76.5019,19.8888],[76.4996,19.8894],[76.4984,19.8917],[76.4954,19.8944],[76.4928,19.8938],[76.4916,19.8982],[76.4908,19.898],[76.4906,19.9069],[76.4914,19.913],[76.4936,19.9202],[76.4818,19.9205],[76.4694,19.919],[76.4625,19.9195],[76.4577,19.9203],[76.4535,19.9234],[76.4501,19.9219],[76.4481,19.923],[76.4466,19.9224],[76.4411,19.9173],[76.4363,19.9188],[76.4237,19.9193],[76.4214,19.9205],[76.4155,19.9196],[76.4107,19.9205],[76.4053,19.9198],[76.4039,19.918],[76.4041,19.9163],[76.4029,19.9133],[76.402,19.9129],[76.4022,19.9098],[76.4005,19.9082],[76.3928,19.9049],[76.3874,19.9086],[76.3861,19.9147],[76.3839,19.917],[76.3737,19.9244],[76.3706,19.9258],[76.3675,19.9282],[76.366,19.9285],[76.3646,19.9228],[76.3623,19.9212],[76.3578,19.9135],[76.3548,19.9102],[76.3551,19.9047],[76.3539,19.899],[76.3548,19.8969],[76.3517,19.8965],[76.3486,19.8937],[76.3466,19.8927],[76.3447,19.893],[76.3443,19.8945],[76.3423,19.8944],[76.3418,19.891],[76.3398,19.8868],[76.3365,19.8837],[76.3267,19.886],[76.3234,19.8828],[76.3221,19.8828],[76.3154,19.8772],[76.3105,19.8779],[76.3099,19.8771],[76.309,19.8771],[76.305,19.8784],[76.3037,19.8775],[76.3001,19.8776],[76.2972,19.875],[76.2959,19.8726],[76.2931,19.8708],[76.2918,19.8725],[76.2866,19.8727],[76.2698,19.8762],[76.2661,19.8766],[76.2663,19.8753],[76.261,19.8762],[76.2592,19.8752],[76.2554,19.8763],[76.255,19.8761],[76.2553,19.8743],[76.2544,19.8733],[76.2493,19.872],[76.2491,19.8709],[76.2417,19.8722],[76.2295,19.8651],[76.2253,19.8668],[76.2145,19.868],[76.2132,19.8679],[76.2075,19.8639],[76.199,19.8646],[76.1968,19.8654],[76.1943,19.8588],[76.1926,19.8573],[76.186,19.8549],[76.1831,19.8514],[76.1817,19.8481],[76.1793,19.8497],[76.1724,19.8509],[76.1677,19.8534],[76.1675,19.8543],[76.1659,19.8547],[76.1642,19.8549],[76.164,19.8527],[76.1578,19.8544],[76.1484,19.8559],[76.1474,19.8519],[76.1476,19.8436],[76.1443,19.8449],[76.1413,19.8439],[76.1399,19.8441],[76.1353,19.8468],[76.1362,19.8492],[76.1357,19.8519],[76.1334,19.8577],[76.1308,19.8614],[76.1293,19.865],[76.1239,19.8654],[76.1207,19.8645],[76.1185,19.8601],[76.1161,19.861],[76.1052,19.8601],[76.102,19.8596],[76.0993,19.8573],[76.0975,19.857],[76.0968,19.8624],[76.0928,19.8721],[76.0842,19.8788],[76.0809,19.8805],[76.0811,19.8862],[76.0801,19.8911],[76.08,19.8985],[76.0801,19.9052],[76.0811,19.9125],[76.0714,19.9142],[76.0624,19.9186],[76.0593,19.9195],[76.0586,19.9187],[76.0589,19.9207],[76.0575,19.9298],[76.053,19.9317],[76.0478,19.9356],[76.0485,19.9371],[76.0523,19.9402],[76.0481,19.946],[76.0426,19.9471],[76.0412,19.946],[76.0402,19.9466],[76.0409,19.9497],[76.0355,19.9496],[76.0346,19.9485],[76.0332,19.9485],[76.0326,19.9472],[76.0305,19.9501],[76.0276,19.9493],[76.0267,19.9479],[76.0259,19.9482],[76.027,19.9504],[76.0235,19.9504],[76.0113,19.9538],[76.0113,19.9592],[76.0126,19.9693],[76.0115,19.9737],[76.0087,19.9743],[76.0031,19.9716],[76.0003,19.971],[75.9986,19.9733],[75.9941,19.9761],[75.9907,19.9738],[75.9894,19.974],[75.9881,19.9807],[75.9718,19.9827],[75.9676,19.9863],[75.9652,19.9914],[75.9625,19.9949],[75.9656,20.0028],[75.9733,20.0023],[75.9767,20.0041],[75.9833,20.0038],[75.9837,20.0044],[75.9861,20.0047],[75.9899,20.0078],[75.9916,20.0077],[75.9922,20.0086],[75.9945,20.0091],[75.9951,20.0099],[75.9971,20.0102],[75.9974,20.0112],[75.9993,20.0127],[76.0011,20.0131],[76.0015,20.0126],[76.0036,20.0138],[76.0053,20.0124],[76.0062,20.0124],[76.0074,20.0168],[76.0082,20.0173],[76.0109,20.022],[76.0129,20.0229],[76.0166,20.0229],[76.0233,20.0243],[76.0234,20.0289],[76.0216,20.0415],[76.0213,20.0499],[76.0188,20.0584],[76.0298,20.0602],[76.0352,20.0619],[76.0411,20.0616],[76.0449,20.0629],[76.0522,20.0621],[76.0556,20.066],[76.0634,20.0686],[76.0695,20.0728],[76.067,20.0764],[76.0649,20.0819],[76.0623,20.0845],[76.0582,20.0869],[76.0519,20.0852],[76.0525,20.0903],[76.0539,20.0933],[76.0539,20.0951],[76.0558,20.0974],[76.0581,20.0988],[76.0605,20.0984],[76.0624,20.0993],[76.065,20.0982],[76.0672,20.098],[76.072,20.1003],[76.0807,20.1002],[76.0817,20.0982],[76.0842,20.098],[76.0845,20.0997],[76.0866,20.1003],[76.0873,20.1001],[76.0871,20.0964],[76.0883,20.0956],[76.0916,20.0942],[76.0927,20.0964],[76.0941,20.0958],[76.0947,20.0963],[76.0956,20.1059],[76.0993,20.1159],[76.0985,20.1305],[76.1041,20.1329],[76.1057,20.1326],[76.1064,20.1383],[76.1078,20.1432],[76.1083,20.1433],[76.1078,20.1444],[76.1073,20.144],[76.1077,20.1479],[76.1084,20.1484],[76.108,20.1524],[76.1054,20.1531],[76.1088,20.1624],[76.1141,20.1611],[76.1194,20.1609],[76.1188,20.1624],[76.121,20.1644],[76.1203,20.1673],[76.1213,20.1684],[76.1223,20.1675],[76.1239,20.1678],[76.1251,20.1706],[76.1235,20.1737],[76.1264,20.1741],[76.1262,20.1762],[76.1275,20.1779],[76.1276,20.1796],[76.1295,20.1821],[76.1319,20.1826],[76.1336,20.1849],[76.1334,20.1877],[76.1339,20.1883],[76.133,20.189],[76.1323,20.1938],[76.1331,20.1949],[76.1323,20.196],[76.132,20.1988],[76.1405,20.1987],[76.1451,20.1996],[76.1499,20.206],[76.148,20.2088],[76.1394,20.2127],[76.1375,20.2179],[76.1347,20.2198],[76.1329,20.2224],[76.1364,20.2257],[76.1393,20.2313],[76.1447,20.2322],[76.1499,20.2371],[76.1629,20.239],[76.1664,20.2384],[76.167,20.246],[76.168,20.2502],[76.168,20.2544],[76.1697,20.2583],[76.1733,20.2605],[76.1733,20.2658],[76.1778,20.266],[76.1849,20.2791],[76.1872,20.2889],[76.189,20.2906],[76.1932,20.2977],[76.1938,20.3001],[76.1924,20.2996],[76.1893,20.3006],[76.1877,20.2998],[76.1823,20.301],[76.1818,20.3004],[76.1723,20.3022],[76.1703,20.2966],[76.1685,20.2949],[76.1551,20.3027],[76.1437,20.3017],[76.1409,20.3005],[76.1413,20.3029],[76.1429,20.3051],[76.1465,20.3058],[76.1476,20.3106],[76.1461,20.3121],[76.1408,20.3144],[76.1405,20.3158],[76.1392,20.3173],[76.1365,20.3184],[76.1346,20.319],[76.1292,20.3173],[76.1296,20.3224],[76.1247,20.325],[76.1254,20.3265],[76.1246,20.3323],[76.1237,20.3331],[76.128,20.3389],[76.1261,20.3449],[76.1248,20.3435],[76.1222,20.3424],[76.1216,20.3427],[76.121,20.3419],[76.121,20.3466],[76.12,20.3468],[76.1167,20.3455],[76.1147,20.346],[76.1098,20.3505],[76.1082,20.3504],[76.1082,20.354],[76.1009,20.3536],[76.0987,20.3544],[76.0997,20.3503],[76.0965,20.3474],[76.0943,20.3472],[76.0915,20.3512],[76.0897,20.3516],[76.0902,20.3529],[76.0923,20.3541],[76.0923,20.3565],[76.093,20.3581],[76.0919,20.3595],[76.0867,20.3597],[76.086,20.3604],[76.0868,20.3631],[76.0857,20.364],[76.0858,20.3652],[76.0838,20.3644],[76.0806,20.3609],[76.0761,20.3581],[76.0737,20.3525],[76.0724,20.3519],[76.0715,20.3505],[76.0715,20.349],[76.0692,20.3491],[76.0667,20.3472],[76.0654,20.3451],[76.0614,20.3432],[76.0523,20.3422],[76.0498,20.3389],[76.0468,20.3371],[76.0457,20.3325],[76.0436,20.3298],[76.0412,20.3248],[76.0393,20.3225],[76.0383,20.3226],[76.0355,20.314],[76.0321,20.3083],[76.0291,20.2972],[76.0284,20.2891],[76.02,20.2883],[76.0173,20.2886],[76.0157,20.2896],[76.0084,20.2894],[76.0012,20.2908],[76.0019,20.2976],[76.0044,20.3064],[76.0007,20.3072],[75.9974,20.3088],[75.9965,20.31],[75.9925,20.3108],[75.9913,20.3106],[75.9912,20.3087],[75.9869,20.3084],[75.9861,20.3079],[75.9753,20.3077],[75.9758,20.3138],[75.9764,20.3144],[75.9719,20.3146],[75.97,20.3158],[75.967,20.316],[75.9646,20.3115],[75.9605,20.3077],[75.9548,20.3036],[75.9517,20.3023],[75.9494,20.2985],[75.94,20.3012],[75.9333,20.3014],[75.9334,20.3007],[75.9289,20.3022],[75.9262,20.3077],[75.9241,20.3133],[75.9231,20.3206],[75.9239,20.322],[75.9288,20.3258],[75.932,20.3324],[75.9339,20.3388],[75.9376,20.34],[75.9407,20.3421],[75.9405,20.3455],[75.942,20.3584],[75.9413,20.362],[75.9398,20.3627],[75.9414,20.3642],[75.9416,20.3689],[75.9498,20.3685],[75.9578,20.3656],[75.9596,20.3719],[75.9662,20.3709],[75.9668,20.3729],[75.9621,20.3829],[75.9589,20.3847],[75.9537,20.3859],[75.9526,20.387],[75.9518,20.39],[75.9497,20.3933],[75.9499,20.3958],[75.949,20.3971],[75.9489,20.4035],[75.9474,20.4077],[75.9482,20.4108],[75.9475,20.413],[75.9462,20.4147],[75.9443,20.4144],[75.9439,20.415],[75.9446,20.4203],[75.9439,20.4232],[75.9414,20.4248],[75.9403,20.4314],[75.943,20.4311],[75.9436,20.4381],[75.9449,20.4431],[75.9459,20.4428],[75.948,20.4461],[75.9551,20.451],[75.9555,20.4586],[75.957,20.4645],[75.9524,20.4653],[75.9526,20.4674],[75.9549,20.473],[75.9487,20.4725],[75.9479,20.4748],[75.9486,20.476],[75.9481,20.4769],[75.9484,20.4782],[75.9469,20.4801],[75.9467,20.4821],[75.9453,20.4833],[75.9457,20.4854],[75.9432,20.4898],[75.9412,20.4919],[75.9407,20.4957],[75.9409,20.5022],[75.9459,20.5069],[75.9481,20.5099],[75.9494,20.5139],[75.9493,20.5186],[75.951,20.5199],[75.9565,20.5221],[75.9573,20.5243],[75.96,20.526],[75.967,20.523],[75.9695,20.5231],[75.9711,20.5292],[75.9721,20.5292],[75.9727,20.5318],[75.974,20.5314],[75.9749,20.5324],[75.9762,20.5328],[75.9781,20.5298],[75.9812,20.5297],[75.9848,20.5314],[75.9909,20.5311],[75.9922,20.5357],[75.9943,20.5341],[75.9967,20.5342],[75.9966,20.5321],[75.9972,20.5305],[76.0005,20.5295],[76.0023,20.5315],[76.0062,20.5332],[76.0087,20.5388],[76.0104,20.5367],[76.0098,20.5331],[76.0132,20.5313],[76.0181,20.5302],[76.0158,20.5509],[76.0301,20.5556],[76.0363,20.5547],[76.0379,20.5584],[76.0365,20.5718],[76.0416,20.5789],[76.0429,20.5791],[76.0385,20.5869],[76.0367,20.5875],[76.0378,20.5965],[76.0392,20.5964],[76.0398,20.5999],[76.0391,20.6048],[76.0401,20.6063],[76.0371,20.6098],[76.037,20.6113],[76.0304,20.6234],[76.0303,20.6277],[76.0321,20.6367],[76.0274,20.6375],[76.0242,20.6391],[76.0245,20.641],[76.0227,20.6415],[76.0225,20.6452],[76.0218,20.6456],[76.0184,20.646],[76.0172,20.6427],[76.0106,20.6426],[76.0083,20.6433],[76.0072,20.6449],[76.0066,20.6445],[76.0058,20.646],[76.0068,20.649],[76.0046,20.6512],[76.0036,20.6549],[76.0041,20.6562],[76.0028,20.6566],[76.0022,20.6577],[76.0012,20.6569],[75.9985,20.6577],[75.9974,20.6597],[75.9976,20.6614],[75.996,20.6617],[75.995,20.663],[75.9957,20.6644],[75.9949,20.6654],[75.9947,20.6669],[75.9977,20.6694],[75.9981,20.6731],[76.0005,20.6742],[76.0006,20.6765],[76.0015,20.6778],[75.9996,20.6842],[76.0,20.6852],[76.0017,20.6862],[75.9981,20.6888],[75.9963,20.6893],[75.9961,20.691],[75.9976,20.6929],[75.9953,20.697],[75.9942,20.6972],[75.9943,20.6999],[75.9954,20.7006],[75.9972,20.7073],[75.9977,20.7072],[75.9976,20.7138],[76.0061,20.7152],[76.014,20.719],[76.0164,20.7229],[76.0155,20.7227],[76.0153,20.7295],[76.0158,20.7302],[76.0154,20.7308],[76.0143,20.7305],[76.012,20.7313],[76.0118,20.7373],[76.0072,20.7402],[76.0074,20.7415],[76.0015,20.7428],[75.9995,20.741],[75.9967,20.7407],[75.9887,20.7498],[75.9844,20.7526],[75.9843,20.7563],[75.9853,20.761],[75.9909,20.7638],[75.9937,20.7639],[75.9942,20.768],[75.994,20.7739],[75.9952,20.778],[76.0056,20.7798],[76.0107,20.7798],[76.0126,20.7849],[76.0177,20.7843],[76.02,20.7851],[76.0231,20.784],[76.0266,20.785],[76.0305,20.7848],[76.0346,20.7856],[76.0375,20.7847],[76.0383,20.7851],[76.0416,20.7838],[76.0426,20.7846],[76.0451,20.7845],[76.0471,20.7861],[76.0477,20.7887],[76.0489,20.7886],[76.0504,20.79],[76.049,20.7941],[76.0494,20.7948],[76.0508,20.7951],[76.0506,20.7968],[76.0519,20.7981],[76.0523,20.7998],[76.0537,20.7999],[76.0558,20.8024],[76.0549,20.8053],[76.0517,20.8072],[76.0511,20.8087],[76.0488,20.8092],[76.0478,20.8133],[76.0486,20.8159],[76.0517,20.816],[76.0533,20.8169],[76.0554,20.8199],[76.0559,20.8219],[76.0541,20.822],[76.054,20.8234],[76.0563,20.8254],[76.0586,20.8257],[76.06,20.8249],[76.0616,20.8251],[76.0634,20.8262],[76.0637,20.8283],[76.0653,20.8305],[76.0693,20.832],[76.0735,20.8324],[76.0712,20.8336],[76.0724,20.8351],[76.0726,20.837],[76.0739,20.8384],[76.0735,20.8393],[76.0743,20.8422],[76.0734,20.8456],[76.0738,20.8468],[76.075,20.8467],[76.0753,20.845],[76.077,20.8458],[76.0795,20.8487],[76.08,20.8506],[76.081,20.8507],[76.0809,20.8523],[76.0818,20.8533],[76.0807,20.8539],[76.0807,20.8545],[76.0816,20.8555],[76.0834,20.8553],[76.0832,20.8559],[76.0849,20.8582],[76.0836,20.8598],[76.086,20.8607],[76.085,20.8618],[76.0885,20.8628],[76.0891,20.8636],[76.0903,20.863],[76.0917,20.8636],[76.0906,20.8649],[76.0906,20.8663],[76.0914,20.867],[76.0943,20.8676],[76.094,20.8686],[76.0956,20.8694],[76.097,20.8713],[76.0966,20.8721],[76.098,20.8732],[76.0989,20.8752],[76.1003,20.8758],[76.1012,20.8746],[76.1018,20.8758],[76.1046,20.8762],[76.1047,20.8774],[76.107,20.8786],[76.1058,20.8798],[76.106,20.8804],[76.1072,20.8813],[76.1099,20.8817],[76.111,20.8856],[76.1127,20.8867],[76.112,20.8885],[76.113,20.8888],[76.1124,20.8899],[76.1131,20.8904],[76.1136,20.8927],[76.1122,20.8924],[76.1107,20.8909],[76.1094,20.8933],[76.1065,20.8924],[76.1063,20.8938],[76.1045,20.8941],[76.1029,20.8961],[76.1008,20.9016],[76.095,20.9031],[76.0883,20.9058],[76.0839,20.9063],[76.0778,20.9087],[76.0796,20.9198],[76.0791,20.9246],[76.08,20.9282],[76.083,20.9274],[76.0865,20.9277],[76.0866,20.9356],[76.0868,20.9362],[76.0879,20.9361],[76.0883,20.9396],[76.0897,20.9394],[76.0898,20.9438],[76.1008,20.9456],[76.1088,20.9489],[76.1095,20.95],[76.1117,20.9508],[76.1128,20.954],[76.1123,20.959],[76.1128,20.9625],[76.1173,20.9722],[76.1184,20.9776],[76.1222,20.9754],[76.125,20.9779],[76.1286,20.9797],[76.131,20.9793],[76.1327,20.9824],[76.1357,20.984],[76.1372,20.984],[76.1422,20.988],[76.1425,20.9887],[76.1415,20.9895],[76.1441,20.9925],[76.145,20.9926],[76.1462,20.9957],[76.1482,20.9971],[76.1486,20.9981],[76.1517,20.9994],[76.1538,21.0019],[76.1567,21.0019],[76.1582,21.0028],[76.1586,21.0051],[76.1596,21.0059],[76.1589,21.0095],[76.1603,21.0111],[76.1598,21.0144],[76.1632,21.0182],[76.1632,21.0202],[76.1646,21.0226],[76.1635,21.0242],[76.1599,21.0249],[76.16,21.0276],[76.161,21.0279],[76.1616,21.029],[76.1626,21.0289],[76.1629,21.0273],[76.1637,21.0277],[76.164,21.0347],[76.1648,21.0364],[76.1659,21.0363],[76.1655,21.034],[76.1664,21.0328],[76.1676,21.0333],[76.1692,21.029],[76.1795,21.0246],[76.1853,21.0234],[76.1908,21.021],[76.1951,21.0149],[76.2,21.0113],[76.2111,21.0066],[76.2143,21.0081],[76.2197,21.0076],[76.2238,21.0062],[76.2291,21.0032],[76.2326,20.9993],[76.2359,20.992],[76.2384,20.9904],[76.2444,20.9898],[76.2516,20.9882],[76.2552,20.9863],[76.2602,20.9822],[76.2662,20.9801],[76.2718,20.9718],[76.2771,20.9679],[76.2783,20.9654],[76.2777,20.9596],[76.2793,20.9574],[76.2826,20.9567],[76.2936,20.9582],[76.2991,20.9577],[76.3159,20.9514],[76.3189,20.951],[76.3325,20.9526],[76.3374,20.9516],[76.3431,20.9527],[76.3445,20.9525],[76.345,20.9513],[76.3455,20.9514],[76.346,20.9567],[76.3501,20.9552],[76.3522,20.9569],[76.3512,20.9614],[76.3543,20.962],[76.3545,20.9635],[76.3575,20.9654],[76.3574,20.9668],[76.3588,20.9679],[76.3586,20.9687],[76.3621,20.9704],[76.3639,20.9724],[76.3662,20.9739],[76.3667,20.9781],[76.3679,20.9783],[76.3684,20.9792],[76.3804,20.977],[76.3819,20.9894],[76.3849,20.9956],[76.3877,21.0035],[76.3901,21.0152],[76.3879,21.015],[76.3918,21.0201],[76.3946,21.0217],[76.3948,21.0228],[76.3962,21.0239],[76.3961,21.0255],[76.3969,21.0266],[76.3957,21.0271],[76.3969,21.0292],[76.3962,21.0309],[76.3987,21.0331],[76.3978,21.037],[76.397,21.038],[76.3962,21.038],[76.3958,21.0395],[76.3934,21.0418],[76.3922,21.0444],[76.3928,21.0451],[76.3909,21.0472],[76.3904,21.0498],[76.3897,21.0504],[76.3904,21.0516],[76.3893,21.0526],[76.3894,21.0536],[76.3885,21.054],[76.3851,21.0819],[76.3893,21.0852],[76.3918,21.0862],[76.4042,21.0874],[76.4079,21.0894],[76.4132,21.0884],[76.4126,21.0977],[76.4107,21.1024],[76.4302,21.1024],[76.4331,21.1007],[76.4378,21.1005],[76.4411,21.1062],[76.4518,21.1072],[76.4561,21.1084],[76.4554,21.1151],[76.4518,21.1212],[76.455,21.123],[76.4564,21.125],[76.4571,21.1304],[76.4581,21.1333],[76.4694,21.1337],[76.4744,21.137],[76.4744,21.1377],[76.4682,21.1383],[76.4665,21.1427],[76.468,21.1438],[76.4763,21.1454],[76.4787,21.1474],[76.4807,21.1822],[76.4859,21.1858],[76.4906,21.1922],[76.4936,21.194],[76.496,21.1917],[76.4981,21.1913],[76.4989,21.1916],[76.4982,21.1932],[76.4988,21.1938],[76.5021,21.1935],[76.5028,21.1925],[76.5011,21.1905],[76.501,21.1893],[76.5018,21.1878],[76.5029,21.1875],[76.5072,21.1887],[76.5082,21.193],[76.5093,21.1908],[76.511,21.1898],[76.5303,21.1819],[76.5358,21.1862],[76.5518,21.1921],[76.5607,21.1986],[76.5658,21.1995],[76.5731,21.1981],[76.5771,21.1959],[76.5854,21.1945],[76.5995,21.1908],[76.606,21.1903],[76.6139,21.1932],[76.6235,21.185],[76.6258,21.1891],[76.6332,21.1972],[76.6372,21.2027],[76.6343,21.2137],[76.6348,21.2191],[76.637,21.227],[76.6418,21.2371],[76.6497,21.2447],[76.6616,21.2407],[76.6627,21.2807],[76.677,21.2831],[76.6857,21.2887],[76.6876,21.2885],[76.6908,21.2871],[76.6933,21.2872],[76.6964,21.2854],[76.712,21.2845],[76.7159,21.2846],[76.7178,21.2856],[76.7182,21.2865],[76.7179,21.2897],[76.7203,21.2885]]]}},{"type":"Feature","properties":{"district":"Chandrapur"},"geometry":{"type":"Polygon","coordinates":[[[79.7913,20.7163],[79.7939,20.7062],[79.7962,20.703],[79.8007,20.6993],[79.8042,20.6973],[79.8064,20.6972],[79.8136,20.694],[79.8268,20.6874],[79.8278,20.6861],[79.836,20.6832],[79.8389,20.6827],[79.8392,20.6835],[79.8496,20.681],[79.8528,20.6811],[79.858,20.6821],[79.8699,20.6875],[79.8768,20.6886],[79.888,20.6887],[79.8953,20.6862],[79.898,20.683],[79.9057,20.6769],[79.9125,20.676],[79.928,20.67],[79.932,20.668],[79.9351,20.6643],[79.9372,20.6534],[79.9372,20.6498],[79.9344,20.6447],[79.9331,20.6452],[79.932,20.6429],[79.9314,20.643],[79.931,20.6417],[79.9304,20.642],[79.9297,20.6406],[79.9321,20.6399],[79.932,20.6374],[79.9399,20.634],[79.9408,20.6316],[79.9393,20.6004],[79.9364,20.5789],[79.9335,20.5708],[79.9268,20.5587],[79.9258,20.5533],[79.9288,20.5487],[79.9315,20.5467],[79.9404,20.543],[79.9461,20.5395],[79.9497,20.5349],[79.9519,20.5296],[79.9526,20.5265],[79.9493,20.515],[79.9488,20.5082],[79.9494,20.503],[79.9493,20.4939],[79.9481,20.4882],[79.943,20.4768],[79.9439,20.4701],[79.9427,20.4589],[79.94,20.4459],[79.9401,20.4412],[79.9416,20.4371],[79.9458,20.432],[79.9571,20.4229],[79.9626,20.4171],[79.9652,20.4108],[79.9651,20.4033],[79.9592,20.391],[79.9581,20.3864],[79.9582,20.3816],[79.9591,20.3779],[79.96,20.3766],[79.9694,20.3665],[79.9713,20.3603],[79.9721,20.3537],[79.9718,20.3496],[79.9695,20.3441],[79.9647,20.3386],[79.9511,20.3268],[79.9483,20.3231],[79.9459,20.3159],[79.9437,20.3063],[79.9437,20.2879],[79.945,20.2846],[79.948,20.2803],[79.964,20.2652],[79.9766,20.2546],[79.9791,20.2512],[79.9873,20.2384],[79.9906,20.2318],[79.9919,20.2269],[79.9921,20.2231],[79.9908,20.2153],[79.9898,20.2129],[79.9834,20.2083],[79.9648,20.2052],[79.9584,20.2035],[79.9432,20.1976],[79.937,20.1943],[79.9344,20.1922],[79.9303,20.1877],[79.9187,20.1693],[79.9158,20.1638],[79.9123,20.1512],[79.912,20.1461],[79.9141,20.1424],[79.9187,20.1378],[79.9315,20.1293],[79.9352,20.128],[79.9513,20.1259],[79.9579,20.1244],[79.9642,20.1217],[79.968,20.1179],[79.9716,20.1121],[79.978,20.095],[79.9807,20.0854],[79.9843,20.0596],[79.9892,20.0478],[79.9891,20.0426],[79.9876,20.0384],[79.9815,20.0275],[79.9719,20.0154],[79.9678,20.0111],[79.9637,20.0048],[79.9522,19.9899],[79.9451,19.9857],[79.9426,19.9826],[79.938,19.9792],[79.9307,19.9757],[79.9205,19.9692],[79.9126,19.9674],[79.9058,19.9675],[79.8997,19.9686],[79.8881,19.9733],[79.8771,19.9813],[79.8749,19.9836],[79.8716,19.989],[79.8631,20.0186],[79.8608,20.0233],[79.858,20.0264],[79.8551,20.0286],[79.8494,20.0303],[79.8401,20.0308],[79.8278,20.03],[79.8142,20.0273],[79.7879,20.0101],[79.7836,20.0052],[79.779,19.9975],[79.7764,19.988],[79.7717,19.9757],[79.77,19.9688],[79.7704,19.9637],[79.7746,19.9539],[79.7851,19.9399],[79.7936,19.9194],[79.8006,19.9087],[79.8032,19.9002],[79.8037,19.8957],[79.8025,19.8913],[79.8012,19.8889],[79.7983,19.8859],[79.7878,19.878],[79.7829,19.8706],[79.7808,19.8685],[79.7652,19.8584],[79.7605,19.8502],[79.7581,19.8473],[79.746,19.8374],[79.7458,19.835],[79.7428,19.8313],[79.7409,19.8223],[79.7414,19.8116],[79.7423,19.8088],[79.7434,19.7989],[79.7435,19.7902],[79.7463,19.7822],[79.7495,19.7762],[79.7533,19.7582],[79.7565,19.7541],[79.7594,19.7518],[79.762,19.7473],[79.7639,19.7454],[79.7655,19.7449],[79.7659,19.7427],[79.7692,19.7375],[79.7789,19.7285],[79.7821,19.7241],[79.7836,19.7206],[79.7835,19.7174],[79.7852,19.7116],[79.7857,19.7052],[79.784,19.6856],[79.7857,19.675],[79.7852,19.6731],[79.7857,19.6631],[79.7851,19.66],[79.7852,19.6536],[79.7859,19.643],[79.7875,19.6373],[79.7914,19.6146],[79.7935,19.6064],[79.8033,19.5905],[79.8073,19.5824],[79.8093,19.582],[79.8081,19.5799],[79.8049,19.5798],[79.7986,19.582],[79.7909,19.5895],[79.7786,19.5997],[79.7697,19.6031],[79.7665,19.6036],[79.7535,19.6075],[79.7431,19.6086],[79.7352,19.605],[79.7265,19.598],[79.718,19.5894],[79.7144,19.5869],[79.709,19.5845],[79.6964,19.5832],[79.689,19.5839],[79.6753,19.5797],[79.6687,19.5803],[79.6583,19.5797],[79.6355,19.5759],[79.6279,19.5732],[79.6231,19.5696],[79.6141,19.5597],[79.6127,19.556],[79.6117,19.5475],[79.6079,19.5388],[79.606,19.5328],[79.6058,19.526],[79.603,19.5145],[79.6005,19.5095],[79.5961,19.5073],[79.5932,19.507],[79.584,19.5091],[79.569,19.5183],[79.556,19.5236],[79.5529,19.5242],[79.5508,19.5267],[79.5484,19.5316],[79.5466,19.5394],[79.5454,19.5507],[79.5425,19.5542],[79.5399,19.5547],[79.5292,19.5511],[79.5186,19.5431],[79.5189,19.5418],[79.5199,19.541],[79.5208,19.5349],[79.5186,19.5202],[79.5148,19.5194],[79.5023,19.5116],[79.5008,19.5074],[79.4984,19.5057],[79.4966,19.5051],[79.4946,19.5064],[79.4826,19.5063],[79.4714,19.5002],[79.469,19.5096],[79.4585,19.5167],[79.4568,19.5191],[79.4533,19.5201],[79.446,19.5269],[79.4422,19.528],[79.44,19.531],[79.4333,19.5373],[79.4226,19.538],[79.423,19.5302],[79.4205,19.5298],[79.4138,19.5329],[79.4053,19.5357],[79.4017,19.5385],[79.4005,19.5423],[79.3962,19.5481],[79.3918,19.5529],[79.3894,19.5531],[79.3873,19.5547],[79.3857,19.5583],[79.3768,19.5589],[79.3727,19.561],[79.3712,19.5658],[79.3708,19.5694],[79.3695,19.5727],[79.3671,19.5729],[79.3657,19.5763],[79.359,19.5766],[79.3574,19.5776],[79.354,19.5771],[79.3516,19.5759],[79.3418,19.5754],[79.3399,19.5762],[79.3348,19.5748],[79.3262,19.5774],[79.3184,19.5767],[79.3185,19.5677],[79.3139,19.5664],[79.3098,19.5715],[79.3103,19.578],[79.3068,19.5966],[79.2844,19.5955],[79.2729,19.5988],[79.2511,19.6159],[79.2486,19.6167],[79.2436,19.6167],[79.2386,19.6062],[79.2444,19.5949],[79.2486,19.5935],[79.2531,19.5933],[79.251,19.5775],[79.2462,19.5675],[79.2371,19.5571],[79.2371,19.5504],[79.2388,19.5479],[79.2385,19.5424],[79.24,19.5352],[79.2337,19.52],[79.232,19.5193],[79.2212,19.521],[79.214,19.5112],[79.2103,19.5088],[79.2075,19.5061],[79.2074,19.4976],[79.2058,19.4971],[79.2053,19.4943],[79.2039,19.4941],[79.2046,19.4925],[79.2044,19.4905],[79.2065,19.4877],[79.2069,19.4858],[79.2108,19.4817],[79.2158,19.4809],[79.2181,19.4775],[79.2232,19.4723],[79.2236,19.4691],[79.2224,19.4676],[79.2178,19.4665],[79.2157,19.4646],[79.2126,19.4644],[79.2082,19.465],[79.1983,19.4613],[79.1945,19.4611],[79.1909,19.4589],[79.1801,19.4619],[79.1779,19.4645],[79.1763,19.4653],[79.1741,19.4683],[79.1703,19.4713],[79.1678,19.4724],[79.1653,19.4762],[79.1639,19.4838],[79.1613,19.4883],[79.1576,19.4893],[79.143,19.5005],[79.1386,19.5005],[79.1376,19.5012],[79.1357,19.5062],[79.1331,19.5078],[79.1277,19.5101],[79.1233,19.5106],[79.1209,19.512],[79.1171,19.5173],[79.1143,19.5198],[79.1126,19.5208],[79.1054,19.5224],[79.1042,19.5235],[79.1011,19.5296],[79.098,19.532],[79.096,19.5327],[79.0899,19.5324],[79.0819,19.533],[79.0769,19.5324],[79.0731,19.5345],[79.0677,19.5357],[79.0653,19.5396],[79.046,19.5483],[79.0395,19.5476],[79.024,19.5418],[79.0069,19.542],[78.998,19.5401],[78.9977,19.5491],[78.9889,19.5559],[78.9813,19.5608],[78.9798,19.5577],[78.9768,19.5569],[78.9753,19.5511],[78.9742,19.5494],[78.9724,19.5503],[78.9693,19.5503],[78.9521,19.5489],[78.9457,19.5496],[78.9439,19.5509],[78.9432,19.5503],[78.9404,19.5519],[78.9406,19.5549],[78.9377,19.5619],[78.9465,19.5616],[78.9486,19.5634],[78.9525,19.565],[78.9622,19.5723],[78.9649,19.5736],[78.9728,19.5824],[78.9718,19.59],[78.9664,19.5931],[78.9591,19.5955],[78.9556,19.6002],[78.9549,19.61],[78.9554,19.6191],[78.9612,19.6317],[78.9618,19.6374],[78.9609,19.6406],[78.9574,19.6472],[78.9556,19.6558],[78.9528,19.6583],[78.9475,19.6594],[78.9442,19.6617],[78.9369,19.661],[78.9337,19.6621],[78.9267,19.6617],[78.9197,19.662],[78.9206,19.6665],[78.9199,19.667],[78.9158,19.6669],[78.9116,19.6691],[78.9077,19.668],[78.9035,19.67],[78.9023,19.67],[78.9013,19.6675],[78.896,19.6645],[78.8929,19.6647],[78.8918,19.6637],[78.8864,19.6624],[78.8905,19.6594],[78.8889,19.6566],[78.8867,19.6551],[78.8831,19.655],[78.88,19.6573],[78.8744,19.6572],[78.8681,19.659],[78.8663,19.659],[78.8616,19.6574],[78.8519,19.6584],[78.8524,19.6649],[78.8558,19.6773],[78.8561,19.6838],[78.8557,19.6867],[78.8572,19.6896],[78.8599,19.6895],[78.8572,19.6978],[78.8562,19.7036],[78.8543,19.7059],[78.8512,19.7176],[78.8494,19.722],[78.8499,19.7242],[78.8524,19.7279],[78.8512,19.7361],[78.8479,19.7355],[78.8453,19.7469],[78.8407,19.7553],[78.8403,19.7577],[78.8409,19.7617],[78.8467,19.7637],[78.8544,19.7707],[78.8563,19.7713],[78.8632,19.7711],[78.8702,19.7682],[78.8739,19.7681],[78.8792,19.7669],[78.8806,19.766],[78.8814,19.7641],[78.879,19.752],[78.879,19.75],[78.8799,19.7483],[78.8821,19.7468],[78.887,19.7462],[78.8954,19.739],[78.9007,19.7373],[78.9093,19.7392],[78.9184,19.7461],[78.9245,19.7485],[78.9285,19.7491],[78.9447,19.7484],[78.9468,19.7489],[78.949,19.7505],[78.9503,19.7529],[78.9509,19.7577],[78.9503,19.7598],[78.9491,19.7629],[78.9411,19.7687],[78.9389,19.771],[78.9377,19.7742],[78.9376,19.7787],[78.9383,19.7814],[78.9406,19.7855],[78.9469,19.7914],[78.9529,19.7994],[78.9629,19.8054],[78.9684,19.8071],[78.9922,19.8064],[79.005,19.8073],[79.0112,19.8061],[79.0178,19.801],[79.0237,19.8005],[79.0273,19.8021],[79.0311,19.8059],[79.0331,19.8133],[79.0356,19.8176],[79.0433,19.8221],[79.0483,19.8221],[79.0554,19.8184],[79.0612,19.8171],[79.069,19.8171],[79.0719,19.8179],[79.083,19.827],[79.0857,19.8303],[79.0887,19.8357],[79.0886,19.841],[79.0892,19.8424],[79.0903,19.8428],[79.0944,19.8418],[79.0979,19.8422],[79.1036,19.8461],[79.1118,19.8506],[79.1155,19.858],[79.1183,19.8612],[79.1272,19.8643],[79.1337,19.8676],[79.1347,19.872],[79.1371,19.8777],[79.1412,19.8808],[79.1445,19.8857],[79.1491,19.8949],[79.1492,19.8968],[79.1479,19.8975],[79.1347,19.8998],[79.1307,19.9001],[79.1198,19.904],[79.1117,19.9054],[79.1085,19.9076],[79.101,19.9176],[79.0937,19.916],[79.092,19.9165],[79.0911,19.9176],[79.0894,19.9241],[79.0888,19.9292],[79.0887,19.9336],[79.0901,19.9432],[79.089,19.9482],[79.0907,19.9505],[79.0986,19.9559],[79.1024,19.9578],[79.1071,19.9652],[79.109,19.9706],[79.108,19.9738],[79.1033,19.9748],[79.0975,19.9776],[79.0929,19.9782],[79.092,19.9823],[79.0923,19.9834],[79.0936,19.9849],[79.1019,19.9901],[79.1049,19.9901],[79.1095,19.988],[79.1118,19.9909],[79.1126,19.9936],[79.1124,19.9948],[79.109,20.0021],[79.1076,20.0087],[79.0988,20.0162],[79.091,20.018],[79.082,20.0249],[79.0807,20.0285],[79.0807,20.0365],[79.0798,20.0417],[79.0776,20.0467],[79.0726,20.053],[79.072,20.057],[79.0727,20.0635],[79.0679,20.0702],[79.0666,20.071],[79.0649,20.0708],[79.0615,20.067],[79.0587,20.0661],[79.0484,20.0671],[79.0452,20.0686],[79.0439,20.0705],[79.0437,20.0743],[79.0476,20.0799],[79.0481,20.0851],[79.0475,20.087],[79.0464,20.0879],[79.0391,20.0905],[79.033,20.095],[79.0306,20.0974],[79.0207,20.111],[79.008,20.1192],[78.9998,20.1266],[78.9963,20.128],[78.9888,20.1292],[78.9851,20.1281],[78.9814,20.1255],[78.9772,20.1244],[78.973,20.1257],[78.9702,20.1275],[78.9687,20.1297],[78.9679,20.1324],[78.9686,20.141],[78.9694,20.1442],[78.9716,20.1461],[78.9765,20.1462],[78.9795,20.1472],[78.9808,20.1481],[78.9812,20.15],[78.979,20.1549],[78.9728,20.1627],[78.9664,20.1657],[78.9575,20.1679],[78.9556,20.1694],[78.9537,20.1722],[78.9541,20.1764],[78.9577,20.1838],[78.9548,20.1911],[78.9546,20.195],[78.9604,20.2016],[78.9624,20.2054],[78.9623,20.2079],[78.9602,20.2108],[78.9561,20.2137],[78.9395,20.2203],[78.9379,20.223],[78.9381,20.2278],[78.9375,20.2294],[78.935,20.2312],[78.9296,20.2335],[78.9227,20.2385],[78.9212,20.2424],[78.9222,20.2502],[78.92,20.2543],[78.9152,20.2559],[78.9103,20.2555],[78.9062,20.2545],[78.8992,20.2506],[78.8936,20.2495],[78.8818,20.25],[78.8708,20.2529],[78.8581,20.2541],[78.8516,20.2537],[78.8348,20.2501],[78.8206,20.2501],[78.8173,20.2509],[78.8135,20.2545],[78.8121,20.2574],[78.8124,20.2632],[78.8201,20.2733],[78.8203,20.2749],[78.8194,20.2785],[78.8171,20.2809],[78.8137,20.2828],[78.8096,20.2864],[78.7998,20.2994],[78.7988,20.2996],[78.8026,20.3068],[78.8053,20.3103],[78.8171,20.3158],[78.8269,20.3183],[78.829,20.3198],[78.8315,20.3237],[78.8319,20.3311],[78.8304,20.3368],[78.8222,20.3465],[78.8199,20.3501],[78.8198,20.351],[78.8254,20.3603],[78.8258,20.3629],[78.8221,20.3675],[78.8204,20.3715],[78.8192,20.3849],[78.8183,20.388],[78.8164,20.3914],[78.8175,20.3915],[78.8168,20.3946],[78.8171,20.3974],[78.8186,20.403],[78.8194,20.4027],[78.8198,20.4015],[78.822,20.4053],[78.8255,20.4041],[78.8289,20.4056],[78.8357,20.4049],[78.8434,20.4065],[78.8466,20.4085],[78.852,20.4154],[78.8453,20.4179],[78.8433,20.4195],[78.8438,20.4204],[78.8416,20.4222],[78.8399,20.4225],[78.8342,20.4256],[78.8341,20.4272],[78.8385,20.4275],[78.8422,20.4341],[78.8444,20.4344],[78.8479,20.4319],[78.8508,20.428],[78.8544,20.427],[78.8533,20.424],[78.8545,20.4222],[78.8571,20.4211],[78.8577,20.4212],[78.8578,20.4221],[78.8625,20.4216],[78.8648,20.4229],[78.8647,20.4236],[78.8663,20.4248],[78.8784,20.4273],[78.8848,20.4278],[78.8865,20.4302],[78.8902,20.4318],[78.8942,20.436],[78.8988,20.4376],[78.9008,20.4373],[78.9027,20.4349],[78.9096,20.4316],[78.9211,20.4323],[78.9251,20.4304],[78.927,20.4312],[78.9305,20.431],[78.9344,20.4286],[78.9424,20.4288],[78.9449,20.4279],[78.9456,20.4304],[78.9476,20.4307],[78.9521,20.4287],[78.9532,20.4288],[78.9532,20.4301],[78.9556,20.4345],[78.9612,20.4371],[78.9633,20.4424],[78.9657,20.4459],[78.9671,20.4499],[78.9664,20.4573],[78.9669,20.4605],[78.9751,20.4591],[78.9816,20.4588],[78.9815,20.4598],[78.983,20.4596],[78.9835,20.4613],[78.9866,20.4609],[78.9874,20.4657],[78.9946,20.4596],[78.9948,20.4581],[78.997,20.4566],[78.9972,20.4546],[79.0004,20.4508],[79.0017,20.4535],[79.0048,20.456],[79.0065,20.4551],[79.0078,20.4575],[79.0096,20.4651],[79.0111,20.4675],[79.0153,20.4715],[79.0155,20.475],[79.0206,20.4775],[79.0229,20.4833],[79.0354,20.4806],[79.0354,20.479],[79.037,20.4787],[79.0371,20.4775],[79.0406,20.4772],[79.0435,20.478],[79.0438,20.4759],[79.0478,20.475],[79.0472,20.4696],[79.0515,20.4685],[79.0519,20.4665],[79.0585,20.4688],[79.062,20.4691],[79.0658,20.4681],[79.0708,20.4683],[79.0747,20.4661],[79.0786,20.4659],[79.0866,20.4639],[79.0901,20.4635],[79.0932,20.4643],[79.0962,20.4639],[79.1013,20.4616],[79.1017,20.4576],[79.1046,20.4575],[79.1046,20.4567],[79.1133,20.4555],[79.1145,20.4548],[79.1145,20.4538],[79.1189,20.451],[79.1239,20.4533],[79.127,20.4558],[79.1325,20.4571],[79.1331,20.4582],[79.1329,20.4643],[79.1349,20.4642],[79.1351,20.4668],[79.136,20.4687],[79.1375,20.4687],[79.1386,20.4721],[79.1398,20.4822],[79.1488,20.4828],[79.1494,20.4833],[79.1526,20.4827],[79.1534,20.4813],[79.1569,20.4793],[79.1577,20.4781],[79.1589,20.4799],[79.1602,20.4876],[79.1613,20.4874],[79.1618,20.4892],[79.1632,20.4893],[79.166,20.4927],[79.168,20.508],[79.1687,20.5117],[79.1696,20.5116],[79.1698,20.5143],[79.1721,20.5154],[79.1746,20.5153],[79.1765,20.5149],[79.181,20.5124],[79.1829,20.5147],[79.1837,20.5226],[79.1849,20.525],[79.1846,20.5258],[79.1869,20.5277],[79.19,20.5341],[79.1942,20.5391],[79.195,20.5398],[79.1967,20.5401],[79.199,20.5427],[79.2019,20.5439],[79.2082,20.5446],[79.2095,20.5465],[79.2136,20.5476],[79.2138,20.5501],[79.2176,20.5526],[79.2173,20.561],[79.2214,20.5673],[79.2222,20.5708],[79.2223,20.5747],[79.221,20.5813],[79.2212,20.5835],[79.2224,20.5849],[79.2322,20.5861],[79.2339,20.5874],[79.2388,20.5877],[79.2456,20.5893],[79.2491,20.5912],[79.2539,20.5889],[79.2587,20.5894],[79.2642,20.5872],[79.2675,20.589],[79.2703,20.589],[79.2746,20.5903],[79.2768,20.5881],[79.2799,20.5889],[79.2832,20.5884],[79.2846,20.5888],[79.2881,20.5917],[79.2941,20.593],[79.2967,20.5927],[79.2973,20.5892],[79.3072,20.5874],[79.3081,20.5853],[79.3102,20.5853],[79.314,20.5836],[79.3212,20.5838],[79.3222,20.5844],[79.3227,20.5851],[79.3224,20.5873],[79.3247,20.5907],[79.3273,20.5937],[79.3298,20.5939],[79.3304,20.5946],[79.3298,20.5998],[79.3309,20.6003],[79.3316,20.6028],[79.3314,20.606],[79.3319,20.6074],[79.3312,20.6098],[79.332,20.6141],[79.3341,20.6198],[79.3349,20.6206],[79.3374,20.6212],[79.338,20.6266],[79.3393,20.6264],[79.3397,20.6302],[79.3421,20.6334],[79.3446,20.633],[79.3454,20.6348],[79.3469,20.6349],[79.3472,20.6356],[79.3471,20.6433],[79.3441,20.6423],[79.343,20.6439],[79.3406,20.6452],[79.3439,20.6452],[79.3433,20.6462],[79.3436,20.6471],[79.3456,20.6474],[79.3459,20.649],[79.3481,20.6497],[79.3516,20.653],[79.3518,20.6524],[79.3522,20.6533],[79.3538,20.653],[79.3546,20.6548],[79.355,20.6582],[79.3565,20.662],[79.3558,20.663],[79.3492,20.6665],[79.348,20.6698],[79.3487,20.6761],[79.3559,20.6754],[79.3558,20.6743],[79.3576,20.6743],[79.3607,20.6745],[79.3606,20.6751],[79.3625,20.6756],[79.3693,20.676],[79.3692,20.6773],[79.3706,20.6784],[79.3708,20.6792],[79.3702,20.6797],[79.3715,20.6803],[79.3719,20.6816],[79.3731,20.6822],[79.3769,20.6822],[79.3795,20.6843],[79.38,20.6819],[79.385,20.6812],[79.3881,20.6814],[79.3886,20.6778],[79.39,20.6771],[79.3901,20.6734],[79.388,20.6713],[79.3886,20.6699],[79.388,20.6667],[79.3889,20.6658],[79.3931,20.665],[79.3948,20.6633],[79.3976,20.6627],[79.3976,20.6603],[79.4026,20.6593],[79.4049,20.6599],[79.4072,20.6613],[79.4117,20.661],[79.4125,20.6618],[79.4152,20.6603],[79.416,20.6604],[79.4157,20.6614],[79.4168,20.6615],[79.4195,20.6603],[79.4212,20.6611],[79.424,20.6613],[79.4245,20.662],[79.4239,20.663],[79.4274,20.664],[79.428,20.6649],[79.4303,20.6642],[79.4301,20.6634],[79.4361,20.6619],[79.4365,20.6641],[79.4429,20.6659],[79.4436,20.6697],[79.4473,20.6689],[79.4474,20.6678],[79.4489,20.6677],[79.4495,20.67],[79.4515,20.6696],[79.4514,20.6691],[79.4531,20.6698],[79.454,20.6707],[79.454,20.6722],[79.4584,20.6741],[79.4587,20.6758],[79.4613,20.676],[79.4611,20.6774],[79.4638,20.6774],[79.4639,20.6797],[79.4676,20.6799],[79.4675,20.6809],[79.4697,20.6816],[79.4697,20.6843],[79.4715,20.6837],[79.4719,20.6868],[79.4728,20.6872],[79.4737,20.6912],[79.4772,20.6907],[79.4775,20.6919],[79.4806,20.6919],[79.4809,20.6953],[79.4828,20.6952],[79.4851,20.7004],[79.4865,20.7003],[79.4868,20.7025],[79.4882,20.7024],[79.4899,20.7089],[79.4935,20.7091],[79.4935,20.7081],[79.4948,20.708],[79.4948,20.705],[79.5004,20.7048],[79.5004,20.7042],[79.5037,20.7032],[79.5036,20.7024],[79.5045,20.7019],[79.5053,20.7022],[79.5052,20.7035],[79.5064,20.705],[79.5055,20.7053],[79.5064,20.7062],[79.5058,20.7092],[79.5079,20.7099],[79.5143,20.7088],[79.5143,20.7094],[79.516,20.7094],[79.5158,20.71],[79.5172,20.7102],[79.5173,20.7119],[79.5181,20.7118],[79.518,20.7142],[79.5271,20.7127],[79.5273,20.7118],[79.529,20.7117],[79.5292,20.7109],[79.5313,20.7099],[79.5308,20.7082],[79.532,20.709],[79.5321,20.708],[79.5337,20.7077],[79.5334,20.7072],[79.5359,20.7055],[79.5424,20.707],[79.5449,20.7062],[79.5451,20.7068],[79.5503,20.7061],[79.5501,20.7071],[79.5521,20.7071],[79.553,20.7071],[79.5532,20.7061],[79.5591,20.7057],[79.5616,20.7072],[79.5655,20.7075],[79.566,20.6987],[79.5671,20.6978],[79.567,20.6971],[79.5685,20.6981],[79.57,20.6981],[79.5742,20.6978],[79.5815,20.6959],[79.5885,20.6915],[79.6009,20.6914],[79.6062,20.6946],[79.6082,20.6965],[79.6135,20.6922],[79.6166,20.6859],[79.617,20.6818],[79.6196,20.6762],[79.6257,20.6749],[79.6306,20.6756],[79.6453,20.6733],[79.6511,20.6708],[79.6547,20.668],[79.659,20.6675],[79.6617,20.6648],[79.662,20.6621],[79.6615,20.661],[79.6621,20.6593],[79.6615,20.6562],[79.6631,20.6542],[79.6704,20.6503],[79.6746,20.6514],[79.6808,20.65],[79.6909,20.6416],[79.6935,20.6414],[79.696,20.6422],[79.6978,20.6449],[79.6996,20.645],[79.7002,20.6486],[79.7,20.6498],[79.6977,20.651],[79.6985,20.654],[79.6983,20.6571],[79.6958,20.66],[79.6951,20.6633],[79.6925,20.6672],[79.6931,20.6733],[79.6988,20.6751],[79.7038,20.6801],[79.7099,20.6845],[79.7108,20.6871],[79.7128,20.6875],[79.7172,20.6861],[79.7206,20.6863],[79.7217,20.6856],[79.7276,20.6844],[79.7339,20.6843],[79.737,20.6859],[79.742,20.687],[79.7511,20.6881],[79.7538,20.6938],[79.7547,20.701],[79.7583,20.7056],[79.759,20.7075],[79.7592,20.7107],[79.756,20.711],[79.755,20.7118],[79.7547,20.7136],[79.7531,20.7135],[79.7541,20.7194],[79.7561,20.7239],[79.7571,20.7281],[79.7581,20.7349],[79.768,20.7333],[79.7777,20.7277],[79.7809,20.7267],[79.7915,20.7188],[79.7913,20.7163]]]}},{"type":"Feature","properties":{"district":"Gadchiroli"},"geometry":{"type":"Polygon","coordinates":[[[80.5225,20.8344],[80.5263,20.8337],[80.5323,20.8304],[80.5385,20.8296],[80.5486,20.826],[80.551,20.826],[80.5516,20.8248],[80.5547,20.8223],[80.5578,20.8229],[80.5588,20.8237],[80.5617,20.8235],[80.559,20.8163],[80.5586,20.8116],[80.5556,20.8077],[80.5539,20.8036],[80.5514,20.8012],[80.5492,20.7961],[80.5522,20.7809],[80.5511,20.7751],[80.5524,20.7686],[80.5517,20.764],[80.5536,20.7591],[80.5587,20.7512],[80.5628,20.7473],[80.5628,20.734],[80.56,20.7284],[80.5608,20.7274],[80.56,20.7262],[80.5611,20.7225],[80.5634,20.7189],[80.5629,20.7175],[80.5645,20.7153],[80.5652,20.7108],[80.5673,20.7074],[80.5748,20.704],[80.5818,20.6974],[80.5867,20.6885],[80.5876,20.6841],[80.587,20.6819],[80.5837,20.6766],[80.5801,20.6729],[80.5631,20.6716],[80.557,20.6702],[80.5525,20.6681],[80.548,20.6622],[80.5449,20.6603],[80.5423,20.6596],[80.536,20.6603],[80.5308,20.6601],[80.5252,20.658],[80.5213,20.6573],[80.5179,20.6551],[80.4956,20.6368],[80.4942,20.6267],[80.4942,20.6125],[80.4968,20.6024],[80.4985,20.5989],[80.5015,20.5962],[80.5028,20.5938],[80.5044,20.5833],[80.5108,20.5831],[80.517,20.582],[80.5209,20.5805],[80.5259,20.5808],[80.5334,20.5839],[80.5388,20.585],[80.545,20.5902],[80.5549,20.5928],[80.5578,20.5943],[80.5644,20.6036],[80.5753,20.6073],[80.5808,20.6084],[80.5875,20.6076],[80.5951,20.609],[80.6014,20.6088],[80.605,20.6074],[80.6123,20.6005],[80.6177,20.6006],[80.6224,20.5995],[80.6283,20.6001],[80.6319,20.5984],[80.6283,20.5965],[80.6241,20.5921],[80.6232,20.5892],[80.6193,20.5878],[80.6174,20.5858],[80.6177,20.5843],[80.6188,20.5834],[80.6217,20.5825],[80.6256,20.5781],[80.6248,20.5764],[80.6211,20.5744],[80.6215,20.5719],[80.621,20.5701],[80.622,20.5694],[80.6238,20.5697],[80.6259,20.5685],[80.6259,20.5653],[80.6266,20.5638],[80.6258,20.5613],[80.6241,20.559],[80.6243,20.5558],[80.6184,20.5553],[80.6177,20.5521],[80.6153,20.5499],[80.6157,20.5484],[80.618,20.5466],[80.6179,20.5429],[80.62,20.5376],[80.6201,20.5347],[80.6213,20.5328],[80.6199,20.5308],[80.6198,20.528],[80.618,20.5254],[80.6202,20.5263],[80.6209,20.5259],[80.62,20.5241],[80.6202,20.5222],[80.6181,20.5206],[80.619,20.5187],[80.6179,20.5182],[80.6173,20.5152],[80.6176,20.5145],[80.6188,20.5143],[80.6184,20.5116],[80.6172,20.5107],[80.6193,20.5058],[80.6168,20.5008],[80.6147,20.4926],[80.6148,20.4913],[80.6163,20.4884],[80.6154,20.4843],[80.6146,20.4758],[80.6126,20.4673],[80.6126,20.4619],[80.6038,20.453],[80.6022,20.45],[80.6027,20.4462],[80.6051,20.4446],[80.6081,20.4439],[80.6129,20.4387],[80.6136,20.435],[80.6117,20.4325],[80.6081,20.4242],[80.6045,20.4224],[80.6001,20.418],[80.5989,20.4106],[80.5915,20.3931],[80.5929,20.3882],[80.5947,20.3858],[80.5973,20.386],[80.5966,20.3838],[80.6038,20.3812],[80.6107,20.3751],[80.6095,20.3698],[80.6117,20.3661],[80.6145,20.363],[80.6159,20.3599],[80.6147,20.3571],[80.6151,20.3518],[80.6188,20.3491],[80.6185,20.3447],[80.6216,20.3396],[80.6258,20.3369],[80.6264,20.3326],[80.6247,20.3282],[80.6224,20.3254],[80.6185,20.3243],[80.6149,20.3224],[80.6105,20.3184],[80.6011,20.3173],[80.5948,20.3181],[80.5907,20.3175],[80.5881,20.3179],[80.5845,20.3172],[80.5735,20.3131],[80.5671,20.3117],[80.5654,20.3105],[80.5592,20.3085],[80.5571,20.3081],[80.5496,20.309],[80.5476,20.3067],[80.546,20.306],[80.5462,20.2977],[80.5435,20.2935],[80.5322,20.2809],[80.5261,20.277],[80.5226,20.2735],[80.5196,20.2694],[80.5188,20.2662],[80.5167,20.2662],[80.5105,20.2686],[80.5019,20.2726],[80.4985,20.2749],[80.4899,20.2783],[80.4791,20.2783],[80.4669,20.2761],[80.4472,20.2625],[80.4369,20.2612],[80.422,20.2535],[80.4168,20.2488],[80.4143,20.2485],[80.409,20.2463],[80.3981,20.2443],[80.3969,20.2454],[80.3953,20.245],[80.3948,20.2419],[80.3952,20.237],[80.3962,20.2345],[80.3992,20.2312],[80.4017,20.224],[80.4048,20.2187],[80.4094,20.2157],[80.4119,20.2128],[80.4155,20.2115],[80.4183,20.2085],[80.422,20.2068],[80.421,20.1962],[80.4121,20.1945],[80.4007,20.1897],[80.398,20.183],[80.3966,20.1739],[80.3948,20.1719],[80.392,20.1704],[80.3885,20.1652],[80.3953,20.1546],[80.3997,20.1506],[80.4018,20.1472],[80.4052,20.1452],[80.413,20.144],[80.4259,20.1399],[80.4296,20.1361],[80.4334,20.1353],[80.438,20.1368],[80.4411,20.1369],[80.4468,20.136],[80.4554,20.1379],[80.4547,20.1453],[80.4558,20.1458],[80.4566,20.1493],[80.4601,20.1509],[80.4662,20.1504],[80.4769,20.1457],[80.4851,20.1439],[80.489,20.1439],[80.4969,20.1455],[80.502,20.1449],[80.5034,20.1439],[80.5056,20.1444],[80.5099,20.1413],[80.5112,20.1371],[80.5124,20.1358],[80.5173,20.1355],[80.5307,20.1317],[80.5356,20.1278],[80.5403,20.1228],[80.5428,20.1213],[80.5521,20.118],[80.5519,20.1093],[80.5501,20.107],[80.5477,20.1054],[80.5446,20.0993],[80.544,20.0956],[80.5506,20.0843],[80.5549,20.0797],[80.5568,20.0719],[80.5566,20.07],[80.5544,20.0654],[80.5511,20.0616],[80.5506,20.0576],[80.5493,20.0553],[80.5491,20.0533],[80.5504,20.0498],[80.5499,20.0466],[80.551,20.0416],[80.5478,20.0336],[80.5468,20.029],[80.5459,20.0212],[80.547,20.0179],[80.5426,20.0108],[80.5432,20.0088],[80.5456,20.0055],[80.5483,20.0031],[80.5499,20.0008],[80.5502,19.9934],[80.5496,19.986],[80.5488,19.9838],[80.5462,19.9814],[80.5438,19.9775],[80.5404,19.9751],[80.5382,19.975],[80.5376,19.9738],[80.5378,19.9696],[80.5358,19.9655],[80.5394,19.9626],[80.5372,19.9593],[80.5389,19.9519],[80.5349,19.9511],[80.5316,19.9486],[80.5299,19.9395],[80.5256,19.9373],[80.5236,19.9338],[80.5096,19.931],[80.5064,19.9301],[80.5047,19.9286],[80.5,19.9286],[80.4959,19.9311],[80.4887,19.9306],[80.4807,19.9344],[80.4784,19.9384],[80.48,19.9409],[80.4791,19.944],[80.4732,19.9509],[80.466,19.9482],[80.464,19.9505],[80.4619,19.9501],[80.4588,19.9536],[80.4522,19.9576],[80.4449,19.9519],[80.4436,19.9501],[80.4403,19.9488],[80.4386,19.9462],[80.4301,19.9406],[80.4242,19.9394],[80.4195,19.9403],[80.4112,19.9385],[80.4127,19.9307],[80.4126,19.9246],[80.4079,19.9127],[80.4116,19.9102],[80.4139,19.9075],[80.4189,19.9044],[80.4237,19.9026],[80.429,19.9034],[80.4332,19.9028],[80.4359,19.9011],[80.4504,19.8963],[80.4572,19.899],[80.4604,19.9011],[80.462,19.9044],[80.4686,19.9076],[80.4741,19.9038],[80.4914,19.902],[80.4937,19.9001],[80.4996,19.8908],[80.5008,19.8877],[80.5024,19.8784],[80.5058,19.8707],[80.4995,19.8697],[80.4863,19.8636],[80.4825,19.8588],[80.4842,19.8542],[80.4834,19.8514],[80.4815,19.8503],[80.481,19.8493],[80.481,19.8455],[80.4787,19.8393],[80.4773,19.8383],[80.4736,19.8374],[80.4719,19.8356],[80.4691,19.827],[80.4661,19.8248],[80.4601,19.823],[80.4407,19.8103],[80.4348,19.8089],[80.4317,19.8073],[80.4297,19.8071],[80.4216,19.8134],[80.4131,19.8164],[80.4061,19.8159],[80.4016,19.817],[80.4057,19.8111],[80.4077,19.806],[80.4076,19.8048],[80.4054,19.8008],[80.4017,19.7962],[80.4024,19.7948],[80.4049,19.7937],[80.4148,19.7958],[80.4242,19.7992],[80.4327,19.7968],[80.4367,19.7968],[80.4395,19.7961],[80.4436,19.7928],[80.4493,19.7898],[80.4583,19.7928],[80.4628,19.7957],[80.4643,19.7958],[80.4663,19.7935],[80.4669,19.7907],[80.468,19.7888],[80.4742,19.7862],[80.4808,19.7813],[80.4822,19.7784],[80.4827,19.7727],[80.4864,19.7707],[80.489,19.7704],[80.4903,19.7714],[80.4913,19.7753],[80.4915,19.7785],[80.49,19.7902],[80.4891,19.7923],[80.486,19.7965],[80.486,19.7992],[80.485,19.8025],[80.4836,19.8032],[80.4805,19.8021],[80.4757,19.8036],[80.4689,19.8104],[80.4806,19.8275],[80.5004,19.8277],[80.5021,19.8286],[80.504,19.8309],[80.5075,19.8314],[80.5119,19.8303],[80.5202,19.8317],[80.5463,19.8183],[80.5466,19.8111],[80.5452,19.8061],[80.5476,19.7979],[80.5476,19.7949],[80.5469,19.7916],[80.5444,19.788],[80.5424,19.7834],[80.5432,19.7818],[80.5426,19.7799],[80.5437,19.7758],[80.5526,19.7656],[80.5572,19.7627],[80.561,19.7619],[80.5622,19.761],[80.5678,19.7606],[80.5715,19.7592],[80.5738,19.7548],[80.5764,19.7542],[80.5789,19.7517],[80.5821,19.7508],[80.5842,19.7474],[80.5837,19.7469],[80.5818,19.747],[80.5814,19.746],[80.5849,19.7441],[80.5853,19.7421],[80.5865,19.7411],[80.5877,19.7411],[80.5901,19.7422],[80.5924,19.7415],[80.5944,19.7392],[80.596,19.7404],[80.5972,19.7396],[80.599,19.7403],[80.6057,19.7367],[80.6069,19.7367],[80.6093,19.7385],[80.6111,19.7382],[80.6122,19.7376],[80.614,19.735],[80.6181,19.7333],[80.6211,19.733],[80.6268,19.7258],[80.6306,19.7251],[80.6334,19.726],[80.6353,19.7253],[80.6368,19.7262],[80.6401,19.7253],[80.6442,19.7205],[80.6476,19.7139],[80.6502,19.7114],[80.6564,19.7071],[80.6634,19.7059],[80.6709,19.7021],[80.6722,19.7007],[80.6729,19.6989],[80.6743,19.6844],[80.673,19.6794],[80.6717,19.6776],[80.6704,19.6725],[80.6694,19.6647],[80.6673,19.6577],[80.6679,19.6496],[80.6661,19.6443],[80.6664,19.638],[80.6652,19.6313],[80.6626,19.6225],[80.6651,19.6161],[80.6653,19.6119],[80.6703,19.6093],[80.6801,19.612],[80.6838,19.6119],[80.6885,19.6132],[80.6918,19.6134],[80.6964,19.6128],[80.7057,19.614],[80.7096,19.6157],[80.7147,19.6167],[80.7222,19.6143],[80.7268,19.6109],[80.7303,19.6102],[80.7317,19.6075],[80.7331,19.6063],[80.7408,19.6062],[80.7459,19.6015],[80.7498,19.6005],[80.7575,19.5967],[80.76,19.5917],[80.7653,19.5904],[80.7694,19.5867],[80.7685,19.5831],[80.7684,19.5792],[80.767,19.5749],[80.7688,19.5733],[80.7699,19.569],[80.7733,19.566],[80.7751,19.5625],[80.7811,19.5637],[80.7863,19.5608],[80.7894,19.5604],[80.797,19.5625],[80.8029,19.5656],[80.8063,19.569],[80.8108,19.5689],[80.8161,19.5712],[80.824,19.5667],[80.8298,19.5666],[80.8318,19.5675],[80.8356,19.5664],[80.8365,19.5653],[80.8372,19.5626],[80.8395,19.5594],[80.8406,19.5542],[80.8394,19.5492],[80.8417,19.5457],[80.8419,19.5427],[80.8437,19.5385],[80.8497,19.5345],[80.8493,19.5306],[80.8499,19.5289],[80.8534,19.5268],[80.8562,19.523],[80.8645,19.52],[80.8685,19.5218],[80.8731,19.5187],[80.8753,19.5195],[80.8789,19.5234],[80.8837,19.5262],[80.8893,19.5229],[80.8912,19.5205],[80.895,19.5196],[80.8949,19.5138],[80.894,19.5119],[80.8947,19.5096],[80.8932,19.5073],[80.8943,19.5037],[80.8929,19.5023],[80.895,19.5008],[80.8965,19.4937],[80.8977,19.4805],[80.8958,19.4759],[80.8949,19.4696],[80.8934,19.4666],[80.8896,19.4629],[80.8888,19.4605],[80.8865,19.4588],[80.88,19.4503],[80.8736,19.445],[80.8678,19.4452],[80.8644,19.444],[80.8632,19.445],[80.8587,19.4452],[80.8567,19.446],[80.8534,19.4447],[80.8505,19.4467],[80.8476,19.4454],[80.8454,19.4469],[80.8424,19.4469],[80.839,19.445],[80.8301,19.4432],[80.828,19.4401],[80.8231,19.4398],[80.8216,19.438],[80.8125,19.4328],[80.8072,19.4336],[80.8006,19.4321],[80.7959,19.4323],[80.7957,19.4299],[80.7979,19.4269],[80.7993,19.4227],[80.8028,19.4216],[80.8043,19.4195],[80.8048,19.4145],[80.8045,19.412],[80.8122,19.4064],[80.8138,19.4017],[80.8166,19.3971],[80.8165,19.392],[80.8175,19.3884],[80.8173,19.3839],[80.8207,19.3812],[80.8256,19.3809],[80.8284,19.3801],[80.8331,19.3771],[80.8371,19.3756],[80.8418,19.3719],[80.8491,19.3697],[80.8503,19.3689],[80.8529,19.3639],[80.8511,19.3624],[80.8495,19.3592],[80.8461,19.3553],[80.8377,19.3509],[80.8304,19.3482],[80.8246,19.3443],[80.8202,19.3424],[80.8154,19.3386],[80.8101,19.3362],[80.8061,19.3275],[80.8033,19.3266],[80.7988,19.3266],[80.7957,19.3234],[80.7932,19.323],[80.7902,19.3236],[80.7742,19.3136],[80.773,19.3099],[80.7703,19.3067],[80.7686,19.3036],[80.7656,19.3013],[80.763,19.2972],[80.7597,19.2958],[80.76,19.2927],[80.7595,19.2913],[80.7553,19.2891],[80.7529,19.2889],[80.751,19.2878],[80.7431,19.289],[80.7423,19.2871],[80.7383,19.2855],[80.7348,19.2865],[80.7266,19.2872],[80.7237,19.2862],[80.7217,19.2847],[80.7172,19.2849],[80.7137,19.2823],[80.7108,19.2818],[80.7079,19.2826],[80.7054,19.282],[80.7042,19.2831],[80.7018,19.2821],[80.6993,19.2847],[80.6957,19.2843],[80.6897,19.287],[80.6886,19.2952],[80.69,19.3041],[80.6925,19.3107],[80.6932,19.3156],[80.692,19.3187],[80.6883,19.3223],[80.6861,19.3267],[80.6839,19.3286],[80.6799,19.3303],[80.6731,19.33],[80.6639,19.3255],[80.654,19.3228],[80.6484,19.3157],[80.647,19.3165],[80.6365,19.3133],[80.6354,19.3107],[80.6315,19.3072],[80.6268,19.3069],[80.6233,19.3057],[80.6199,19.3067],[80.615,19.3098],[80.6125,19.3095],[80.6107,19.3126],[80.6101,19.3151],[80.6079,19.3182],[80.6068,19.322],[80.6078,19.3249],[80.6077,19.3261],[80.6045,19.3291],[80.6033,19.3321],[80.5979,19.3391],[80.59,19.3518],[80.5908,19.3577],[80.5882,19.3703],[80.5913,19.3738],[80.5918,19.3759],[80.5895,19.3804],[80.5886,19.3809],[80.5842,19.3918],[80.581,19.3979],[80.5784,19.401],[80.5759,19.4024],[80.5731,19.4025],[80.5625,19.3991],[80.5592,19.3966],[80.5545,19.3906],[80.5521,19.3885],[80.5493,19.3863],[80.5442,19.3839],[80.5426,19.3809],[80.5384,19.3778],[80.5306,19.3647],[80.5276,19.3611],[80.5232,19.3521],[80.5203,19.3478],[80.5137,19.3444],[80.5068,19.3424],[80.4957,19.3432],[80.4883,19.3418],[80.4856,19.3408],[80.4825,19.3381],[80.4771,19.3299],[80.4713,19.3138],[80.463,19.3009],[80.4574,19.2883],[80.4547,19.275],[80.4522,19.2709],[80.4484,19.2666],[80.4377,19.2579],[80.4299,19.2541],[80.4192,19.251],[80.4152,19.2509],[80.3955,19.2465],[80.3932,19.2445],[80.389,19.238],[80.3863,19.233],[80.3863,19.227],[80.3843,19.2208],[80.3839,19.215],[80.3858,19.2103],[80.3918,19.2026],[80.3944,19.1964],[80.3949,19.193],[80.3938,19.1878],[80.3903,19.1828],[80.3877,19.1805],[80.3687,19.1713],[80.3586,19.165],[80.3479,19.1601],[80.3473,19.1583],[80.3486,19.1553],[80.3478,19.1524],[80.3424,19.1486],[80.3407,19.1462],[80.3398,19.1458],[80.3352,19.1465],[80.3331,19.1455],[80.3316,19.1416],[80.3274,19.1351],[80.33,19.1327],[80.3312,19.1279],[80.3307,19.1205],[80.3362,19.1119],[80.3363,19.11],[80.339,19.1044],[80.3396,19.1001],[80.3372,19.0996],[80.3322,19.0971],[80.3301,19.0951],[80.3279,19.0951],[80.3283,19.0911],[80.3311,19.0814],[80.3289,19.0759],[80.3297,19.0701],[80.3243,19.0672],[80.3224,19.0672],[80.32,19.0659],[80.3073,19.0558],[80.3003,19.0524],[80.2973,19.049],[80.2964,19.0469],[80.2982,19.0413],[80.2997,19.0393],[80.3,19.0376],[80.3018,19.0369],[80.3029,19.0349],[80.3052,19.0273],[80.3031,19.0222],[80.2988,19.0183],[80.2915,19.0092],[80.287,19.0068],[80.2841,19.0027],[80.2778,18.9972],[80.274,18.9947],[80.2732,18.9924],[80.273,18.981],[80.2743,18.9712],[80.2723,18.9578],[80.2691,18.9487],[80.2692,18.9443],[80.2703,18.9399],[80.2737,18.9327],[80.2762,18.9298],[80.2856,18.9219],[80.2918,18.9182],[80.2998,18.9111],[80.3028,18.9054],[80.3088,18.8989],[80.3161,18.8888],[80.3187,18.8862],[80.3225,18.8843],[80.3262,18.8809],[80.3288,18.8767],[80.3352,18.8686],[80.3432,18.8551],[80.3493,18.8478],[80.3522,18.8399],[80.3543,18.8265],[80.3527,18.819],[80.3514,18.8163],[80.35,18.8147],[80.3452,18.8139],[80.3418,18.8124],[80.3321,18.8048],[80.323,18.799],[80.314,18.7999],[80.306,18.7979],[80.2999,18.7945],[80.2965,18.7912],[80.2915,18.7835],[80.2909,18.7808],[80.2884,18.7774],[80.2884,18.7738],[80.2849,18.7725],[80.2814,18.7695],[80.2759,18.7661],[80.2744,18.7655],[80.2727,18.7658],[80.2622,18.7701],[80.2567,18.77],[80.254,18.7688],[80.2477,18.7642],[80.2451,18.7609],[80.2444,18.7579],[80.2447,18.7566],[80.2548,18.7478],[80.2597,18.7423],[80.2635,18.7353],[80.2694,18.7264],[80.2724,18.7235],[80.2661,18.7205],[80.265,18.7175],[80.2607,18.7148],[80.2522,18.7068],[80.2455,18.7065],[80.241,18.7055],[80.2386,18.7057],[80.2346,18.7026],[80.2304,18.7018],[80.2291,18.7023],[80.2263,18.7056],[80.2221,18.7063],[80.2193,18.7079],[80.2128,18.7057],[80.2101,18.704],[80.2083,18.7012],[80.2004,18.6926],[80.1992,18.69],[80.1994,18.6832],[80.1966,18.6808],[80.1905,18.6805],[80.1787,18.6833],[80.1768,18.6847],[80.1742,18.6882],[80.1705,18.6973],[80.1686,18.6997],[80.1651,18.7009],[80.1607,18.7002],[80.1577,18.701],[80.1558,18.7006],[80.1529,18.6959],[80.1485,18.6931],[80.14,18.693],[80.1286,18.6874],[80.1244,18.6814],[80.1225,18.6805],[80.1181,18.6805],[80.1123,18.6829],[80.1042,18.6916],[80.099,18.6945],[80.0885,18.7073],[80.0861,18.708],[80.0821,18.7072],[80.0771,18.7101],[80.0746,18.7105],[80.0726,18.7125],[80.0693,18.7196],[80.0646,18.7233],[80.0629,18.7238],[80.0569,18.7233],[80.0543,18.7239],[80.0528,18.7251],[80.0495,18.7287],[80.0482,18.7329],[80.0443,18.7378],[80.0414,18.743],[80.0397,18.7509],[80.0387,18.753],[80.0361,18.7547],[80.0345,18.755],[80.0268,18.7543],[80.025,18.7549],[80.0231,18.7572],[80.0232,18.7617],[80.0195,18.7658],[80.0185,18.7704],[80.001,18.7761],[79.9996,18.7751],[79.9985,18.7761],[79.9981,18.7759],[79.9958,18.7708],[79.993,18.7699],[79.9847,18.7715],[79.9732,18.7718],[79.9642,18.7738],[79.9591,18.7773],[79.9495,18.7891],[79.9387,18.7958],[79.929,18.8026],[79.9241,18.8069],[79.9205,18.8111],[79.914,18.8238],[79.9139,18.8261],[79.915,18.8287],[79.9191,18.8338],[79.9283,18.8409],[79.9414,18.846],[79.9476,18.8502],[79.9546,18.8572],[79.9585,18.8594],[79.9611,18.8642],[79.9616,18.8666],[79.9613,18.8755],[79.9587,18.8886],[79.9543,18.9],[79.9536,18.9045],[79.954,18.9099],[79.9574,18.9228],[79.9579,18.9333],[79.957,18.9429],[79.9548,18.9523],[79.9506,18.9615],[79.945,18.98],[79.9442,18.9865],[79.9416,18.9921],[79.941,19.0002],[79.9424,19.0007],[79.9426,19.007],[79.9422,19.0134],[79.9403,19.0238],[79.9404,19.032],[79.9383,19.0406],[79.9371,19.0427],[79.9328,19.0474],[79.9289,19.0492],[79.9206,19.0497],[79.9076,19.0448],[79.9017,19.0408],[79.8992,19.0402],[79.8867,19.0401],[79.877,19.0388],[79.8744,19.0392],[79.8711,19.041],[79.8686,19.0442],[79.866,19.0542],[79.8634,19.0687],[79.8634,19.0778],[79.859,19.0928],[79.8584,19.0958],[79.8584,19.1024],[79.8594,19.1086],[79.8615,19.1123],[79.864,19.1154],[79.8738,19.1241],[79.9175,19.1468],[79.9253,19.1516],[79.9417,19.1643],[79.9446,19.1671],[79.9459,19.1695],[79.9465,19.1743],[79.9448,19.1801],[79.9297,19.2024],[79.9254,19.2106],[79.9242,19.2155],[79.9245,19.2257],[79.9297,19.2434],[79.9308,19.2508],[79.9364,19.2641],[79.9425,19.2741],[79.9506,19.289],[79.9548,19.2938],[79.9623,19.2974],[79.9646,19.2997],[79.9659,19.303],[79.9662,19.3052],[79.9656,19.3131],[79.9591,19.3309],[79.9591,19.3359],[79.9629,19.3463],[79.9657,19.3499],[79.968,19.3566],[79.9676,19.3603],[79.9702,19.371],[79.9695,19.3747],[79.9714,19.3768],[79.9718,19.3816],[79.974,19.3855],[79.9785,19.3872],[79.9797,19.3887],[79.9796,19.3903],[79.977,19.395],[79.9779,19.4004],[79.9747,19.4044],[79.9747,19.411],[79.9724,19.4162],[79.9679,19.4232],[79.9525,19.441],[79.9508,19.4451],[79.9476,19.4497],[79.947,19.4521],[79.9478,19.4546],[79.9482,19.4606],[79.9465,19.4658],[79.9464,19.4678],[79.9448,19.4698],[79.9423,19.4715],[79.937,19.4733],[79.9324,19.4765],[79.9244,19.4863],[79.9205,19.4893],[79.9172,19.4938],[79.9145,19.496],[79.9123,19.4963],[79.9081,19.4989],[79.902,19.5009],[79.8954,19.5022],[79.8915,19.5021],[79.8808,19.5036],[79.8709,19.5091],[79.8646,19.5105],[79.8553,19.521],[79.8521,19.523],[79.8482,19.5265],[79.8469,19.531],[79.8452,19.5332],[79.8368,19.5364],[79.8314,19.5399],[79.8267,19.5462],[79.8245,19.5519],[79.8241,19.5568],[79.8213,19.5602],[79.8212,19.5642],[79.8179,19.5686],[79.8163,19.574],[79.8145,19.5757],[79.8108,19.5764],[79.8047,19.5798],[79.8081,19.5799],[79.8093,19.582],[79.8073,19.5824],[79.8033,19.5905],[79.7935,19.6064],[79.7914,19.6146],[79.7875,19.6373],[79.7859,19.643],[79.7852,19.6536],[79.7851,19.66],[79.7857,19.6631],[79.7852,19.6731],[79.7857,19.675],[79.784,19.6856],[79.7857,19.7052],[79.7852,19.7116],[79.7835,19.7174],[79.7836,19.7206],[79.7821,19.7241],[79.7789,19.7285],[79.7692,19.7375],[79.7659,19.7427],[79.7655,19.7449],[79.7639,19.7454],[79.762,19.7473],[79.7594,19.7518],[79.7565,19.7541],[79.7533,19.7582],[79.7495,19.7762],[79.7463,19.7822],[79.7435,19.7902],[79.7434,19.7989],[79.7423,19.8088],[79.7414,19.8116],[79.7409,19.8223],[79.7428,19.8313],[79.7458,19.835],[79.746,19.8374],[79.7581,19.8473],[79.7605,19.8502],[79.7652,19.8584],[79.7808,19.8685],[79.7829,19.8706],[79.7878,19.878],[79.7983,19.8859],[79.8006,19.8882],[79.8032,19.8929],[79.8037,19.8957],[79.8032,19.9002],[79.8006,19.9087],[79.7936,19.9194],[79.7851,19.9399],[79.7746,19.9539],[79.7704,19.9637],[79.77,19.9686],[79.7715,19.9748],[79.7764,19.988],[79.779,19.9975],[79.7836,20.0052],[79.7879,20.0101],[79.8142,20.0273],[79.8278,20.03],[79.8401,20.0308],[79.8494,20.0303],[79.8524,20.0297],[79.8551,20.0286],[79.858,20.0264],[79.8608,20.0233],[79.8631,20.0186],[79.8716,19.989],[79.8749,19.9836],[79.8771,19.9813],[79.8881,19.9733],[79.8946,19.9704],[79.8997,19.9686],[79.9058,19.9675],[79.9126,19.9674],[79.9205,19.9692],[79.9307,19.9757],[79.938,19.9792],[79.9426,19.9826],[79.9451,19.9857],[79.9522,19.9899],[79.9637,20.0048],[79.9678,20.0111],[79.9719,20.0154],[79.9815,20.0275],[79.9876,20.0384],[79.9891,20.0426],[79.9892,20.0478],[79.9843,20.0596],[79.9807,20.0854],[79.978,20.095],[79.9716,20.1121],[79.968,20.1179],[79.9642,20.1217],[79.9579,20.1244],[79.9513,20.1259],[79.9352,20.128],[79.9315,20.1293],[79.9187,20.1378],[79.9124,20.1447],[79.9118,20.1481],[79.9158,20.1638],[79.9303,20.1877],[79.9344,20.1922],[79.937,20.1943],[79.9432,20.1976],[79.9584,20.2035],[79.9648,20.2052],[79.9834,20.2083],[79.9898,20.2129],[79.9908,20.2153],[79.9921,20.2231],[79.9919,20.2269],[79.9906,20.2318],[79.9873,20.2384],[79.9791,20.2512],[79.9766,20.2546],[79.964,20.2652],[79.948,20.2803],[79.945,20.2846],[79.9437,20.2879],[79.9437,20.3063],[79.9459,20.3159],[79.9483,20.3231],[79.9511,20.3268],[79.9647,20.3386],[79.9695,20.3441],[79.9718,20.3496],[79.9721,20.3537],[79.9713,20.3603],[79.9694,20.3665],[79.96,20.3766],[79.9591,20.3779],[79.9582,20.3816],[79.9581,20.3864],[79.9592,20.391],[79.9651,20.4033],[79.9652,20.4108],[79.9626,20.4171],[79.9571,20.4229],[79.9458,20.432],[79.9416,20.4371],[79.9401,20.4412],[79.94,20.4459],[79.9427,20.4589],[79.9439,20.4701],[79.943,20.4768],[79.9481,20.4882],[79.9493,20.4939],[79.9494,20.503],[79.9488,20.5082],[79.9493,20.515],[79.9526,20.5265],[79.9519,20.5296],[79.9497,20.5349],[79.9461,20.5395],[79.9404,20.543],[79.9315,20.5467],[79.9288,20.5487],[79.9258,20.5533],[79.9268,20.5587],[79.9335,20.5708],[79.9364,20.5789],[79.9393,20.6004],[79.9408,20.6316],[79.9399,20.634],[79.932,20.6374],[79.9321,20.6399],[79.9297,20.6406],[79.9304,20.642],[79.931,20.6417],[79.9314,20.643],[79.932,20.6429],[79.9331,20.6452],[79.9344,20.6447],[79.9372,20.6498],[79.9372,20.6534],[79.9351,20.6643],[79.9311,20.6685],[79.9336,20.6717],[79.9334,20.6742],[79.9349,20.6766],[79.9347,20.6785],[79.9378,20.6792],[79.9382,20.6799],[79.9407,20.6795],[79.9427,20.6801],[79.9447,20.6819],[79.947,20.682],[79.9506,20.6864],[79.9648,20.6942],[79.9732,20.6857],[79.9803,20.6831],[79.9814,20.6784],[79.9873,20.6739],[79.9897,20.673],[79.9917,20.6743],[79.9964,20.6752],[80.0003,20.6741],[80.001,20.6724],[80.0029,20.6713],[80.0028,20.6708],[80.0064,20.669],[80.0066,20.671],[80.0085,20.6713],[80.0095,20.6724],[80.0091,20.6739],[80.0113,20.6734],[80.0142,20.6749],[80.0153,20.672],[80.0144,20.6708],[80.0154,20.6676],[80.0164,20.6671],[80.0204,20.6747],[80.0247,20.6793],[80.0284,20.6853],[80.0295,20.6912],[80.0323,20.7001],[80.0402,20.7048],[80.046,20.7093],[80.0525,20.7091],[80.0539,20.7096],[80.0549,20.7119],[80.0572,20.7108],[80.0576,20.7119],[80.0588,20.7121],[80.0674,20.7089],[80.0727,20.7055],[80.0745,20.7017],[80.0788,20.697],[80.0849,20.6952],[80.0932,20.691],[80.0974,20.6906],[80.1027,20.6909],[80.1055,20.6917],[80.1092,20.6943],[80.1129,20.6951],[80.1161,20.6941],[80.1208,20.6887],[80.1244,20.6904],[80.1315,20.6907],[80.1334,20.6901],[80.1348,20.688],[80.1349,20.6848],[80.1355,20.6846],[80.1399,20.6854],[80.1416,20.6876],[80.1419,20.6913],[80.1447,20.6907],[80.1509,20.6913],[80.154,20.6908],[80.154,20.6937],[80.1549,20.6939],[80.1552,20.6947],[80.1569,20.6934],[80.158,20.6941],[80.1606,20.6935],[80.1626,20.6938],[80.1645,20.6914],[80.1635,20.6905],[80.1637,20.6893],[80.1658,20.6879],[80.1664,20.6858],[80.1691,20.6841],[80.1701,20.6842],[80.1707,20.6826],[80.1731,20.683],[80.1752,20.6808],[80.1767,20.6801],[80.1772,20.6787],[80.1788,20.6774],[80.1814,20.679],[80.1834,20.6788],[80.1848,20.6794],[80.1866,20.6766],[80.1878,20.6775],[80.1886,20.6761],[80.1898,20.6766],[80.1899,20.6755],[80.1913,20.6765],[80.1931,20.6758],[80.1947,20.677],[80.1956,20.6758],[80.1949,20.6751],[80.1953,20.6743],[80.1962,20.6734],[80.1979,20.674],[80.1985,20.6729],[80.2003,20.6721],[80.1998,20.671],[80.2017,20.6702],[80.2025,20.6689],[80.2018,20.6679],[80.2021,20.6673],[80.205,20.6678],[80.2068,20.6669],[80.2069,20.6659],[80.2077,20.6655],[80.2099,20.665],[80.2118,20.6653],[80.2138,20.6631],[80.2185,20.6626],[80.2215,20.6613],[80.2304,20.6591],[80.2382,20.6557],[80.2426,20.6547],[80.2491,20.6586],[80.2502,20.6613],[80.2523,20.664],[80.2522,20.6657],[80.2501,20.6664],[80.2498,20.672],[80.2489,20.6755],[80.2508,20.679],[80.2526,20.6783],[80.2544,20.679],[80.2588,20.6782],[80.2679,20.6783],[80.2713,20.6794],[80.2735,20.681],[80.2811,20.7092],[80.282,20.7101],[80.2835,20.7096],[80.2881,20.7097],[80.2944,20.7109],[80.2984,20.7103],[80.3041,20.7191],[80.3044,20.7223],[80.3091,20.7282],[80.3091,20.7293],[80.3078,20.7322],[80.311,20.7373],[80.3119,20.7415],[80.3133,20.742],[80.3213,20.7531],[80.321,20.7561],[80.3224,20.7605],[80.3212,20.7654],[80.3182,20.7687],[80.3169,20.7762],[80.3187,20.7785],[80.3199,20.7848],[80.323,20.7896],[80.321,20.7986],[80.3246,20.7978],[80.3253,20.8005],[80.3302,20.8087],[80.3316,20.8195],[80.3358,20.8212],[80.3406,20.8213],[80.3541,20.8105],[80.3566,20.8093],[80.3607,20.809],[80.3645,20.8123],[80.3674,20.8122],[80.3699,20.8118],[80.3765,20.8091],[80.3814,20.8066],[80.3916,20.8072],[80.3916,20.8062],[80.4017,20.8077],[80.4038,20.8088],[80.4061,20.8115],[80.4085,20.817],[80.4123,20.8205],[80.4142,20.8247],[80.4285,20.8246],[80.4346,20.8233],[80.4416,20.8231],[80.4557,20.8205],[80.4617,20.8203],[80.4689,20.8226],[80.4696,20.8217],[80.4735,20.824],[80.4791,20.8249],[80.4872,20.8249],[80.5043,20.8297],[80.5121,20.8334],[80.5225,20.8344]]]}},{"type":"Feature","properties":{"district":"Gondia"},"geometry":{"type":"Polygon","coordinates":[[[80.2014,21.6361],[80.2088,21.6352],[80.2112,21.6339],[80.2145,21.6302],[80.2159,21.6308],[80.2175,21.6334],[80.2186,21.6316],[80.219,21.6289],[80.2167,21.6266],[80.2169,21.6257],[80.2201,21.6216],[80.2215,21.621],[80.2268,21.6208],[80.2353,21.6224],[80.2375,21.6214],[80.2458,21.6205],[80.2485,21.6232],[80.252,21.625],[80.2535,21.6247],[80.2618,21.6202],[80.2667,21.6185],[80.2701,21.6161],[80.2724,21.6131],[80.2798,21.5972],[80.2826,21.5956],[80.2921,21.5944],[80.2941,21.5933],[80.2952,21.5911],[80.2952,21.5814],[80.2968,21.5773],[80.2981,21.5758],[80.2998,21.5749],[80.3033,21.5748],[80.3148,21.5773],[80.3182,21.5771],[80.3214,21.5759],[80.3277,21.5714],[80.3299,21.5642],[80.3318,21.5622],[80.3319,21.5609],[80.3362,21.5563],[80.3393,21.5551],[80.3307,21.5512],[80.3301,21.5494],[80.3313,21.5475],[80.3385,21.5435],[80.3443,21.5387],[80.3544,21.5366],[80.3602,21.5345],[80.3631,21.5325],[80.3661,21.5291],[80.3697,21.5284],[80.3765,21.5233],[80.3776,21.5211],[80.3788,21.5138],[80.3848,21.4997],[80.3834,21.4924],[80.384,21.4901],[80.3856,21.4892],[80.39,21.4886],[80.3921,21.4867],[80.3921,21.4836],[80.3904,21.4794],[80.3918,21.477],[80.3939,21.4754],[80.3972,21.4716],[80.4023,21.4689],[80.4037,21.4675],[80.4081,21.468],[80.4091,21.4674],[80.4103,21.4647],[80.4111,21.4599],[80.4139,21.4573],[80.418,21.4485],[80.4187,21.4426],[80.4192,21.4418],[80.4222,21.4405],[80.421,21.4392],[80.4163,21.4363],[80.4085,21.4275],[80.4046,21.425],[80.4057,21.423],[80.4089,21.421],[80.4086,21.4184],[80.3981,21.4123],[80.3967,21.4107],[80.396,21.4081],[80.3958,21.4051],[80.3964,21.403],[80.3996,21.3982],[80.4035,21.3881],[80.406,21.3842],[80.4068,21.3817],[80.4076,21.3803],[80.4101,21.3785],[80.4111,21.3785],[80.4122,21.3767],[80.4153,21.3766],[80.4158,21.3753],[80.4169,21.3752],[80.4184,21.3759],[80.4223,21.3752],[80.4306,21.3763],[80.4325,21.3738],[80.437,21.3727],[80.4461,21.3711],[80.4474,21.3721],[80.4486,21.3721],[80.4517,21.3781],[80.4499,21.3863],[80.4506,21.3866],[80.4497,21.3873],[80.451,21.3878],[80.4512,21.39],[80.4522,21.3909],[80.4519,21.3914],[80.4527,21.3915],[80.4523,21.3923],[80.4537,21.3926],[80.4542,21.3953],[80.4563,21.3961],[80.4558,21.3983],[80.4568,21.3984],[80.4583,21.4004],[80.4575,21.4008],[80.457,21.4005],[80.4576,21.4027],[80.4624,21.4026],[80.4709,21.3959],[80.4736,21.3969],[80.4765,21.3949],[80.4798,21.3967],[80.4802,21.3973],[80.4797,21.3997],[80.4811,21.4009],[80.4823,21.4007],[80.4834,21.3988],[80.4842,21.3953],[80.4863,21.3975],[80.4875,21.398],[80.4905,21.3982],[80.4925,21.3966],[80.4943,21.3975],[80.4952,21.3966],[80.4984,21.3969],[80.501,21.3985],[80.5017,21.3956],[80.5046,21.3943],[80.5071,21.3914],[80.5084,21.3908],[80.5112,21.3928],[80.5139,21.3916],[80.515,21.3918],[80.5171,21.3952],[80.5191,21.393],[80.5239,21.3912],[80.5252,21.394],[80.5276,21.3949],[80.5288,21.3935],[80.529,21.3881],[80.5317,21.3848],[80.5318,21.3821],[80.5324,21.3817],[80.5379,21.3832],[80.5392,21.3827],[80.5404,21.3791],[80.5401,21.377],[80.5418,21.3749],[80.5432,21.3707],[80.5485,21.3711],[80.5508,21.3687],[80.5533,21.3686],[80.5536,21.367],[80.5543,21.3665],[80.5571,21.3675],[80.5584,21.3673],[80.5607,21.3636],[80.5622,21.3649],[80.5639,21.365],[80.5668,21.3602],[80.5702,21.3575],[80.5704,21.3568],[80.5696,21.3559],[80.5663,21.3553],[80.5654,21.354],[80.5658,21.3519],[80.565,21.3494],[80.5658,21.3485],[80.5676,21.3482],[80.5662,21.3465],[80.5667,21.3456],[80.5694,21.3435],[80.5728,21.3428],[80.5742,21.3432],[80.5766,21.3469],[80.5814,21.347],[80.5846,21.3442],[80.5869,21.3446],[80.5895,21.3437],[80.5914,21.3409],[80.5906,21.3357],[80.5893,21.3336],[80.5978,21.3316],[80.5983,21.3281],[80.5999,21.3268],[80.6079,21.3239],[80.6085,21.3243],[80.6089,21.3271],[80.6112,21.3276],[80.6144,21.326],[80.6185,21.3228],[80.6198,21.3209],[80.6213,21.3204],[80.6255,21.3219],[80.6303,21.3222],[80.6449,21.328],[80.6482,21.3282],[80.6519,21.3271],[80.6555,21.3293],[80.66,21.3341],[80.6619,21.3347],[80.6631,21.3344],[80.665,21.3319],[80.6656,21.3283],[80.6677,21.3266],[80.6712,21.3256],[80.6714,21.3244],[80.6749,21.3219],[80.6755,21.3202],[80.6753,21.3178],[80.6778,21.3153],[80.6816,21.3136],[80.6815,21.3096],[80.6789,21.3033],[80.6796,21.2988],[80.6759,21.2948],[80.67,21.2912],[80.6623,21.2917],[80.6612,21.2911],[80.6599,21.2875],[80.6588,21.2867],[80.6594,21.2843],[80.6591,21.2819],[80.6582,21.2812],[80.6553,21.281],[80.6507,21.2774],[80.6492,21.2735],[80.6488,21.2622],[80.647,21.2598],[80.6438,21.2515],[80.6393,21.2473],[80.635,21.2475],[80.6341,21.2463],[80.6271,21.2432],[80.6231,21.2401],[80.6207,21.2375],[80.6179,21.2328],[80.617,21.2293],[80.6138,21.2266],[80.6059,21.2242],[80.5982,21.2255],[80.5876,21.2221],[80.5855,21.2206],[80.5779,21.2175],[80.5755,21.2149],[80.5742,21.2121],[80.5698,21.2058],[80.5595,21.2021],[80.5529,21.2008],[80.5414,21.2011],[80.5296,21.2053],[80.5268,21.2017],[80.5254,21.2015],[80.5178,21.1928],[80.5166,21.186],[80.515,21.183],[80.5126,21.1835],[80.5093,21.186],[80.5073,21.1846],[80.5059,21.1846],[80.5046,21.1855],[80.5026,21.1853],[80.5005,21.1827],[80.4984,21.1821],[80.4958,21.1802],[80.4936,21.1796],[80.4921,21.177],[80.4884,21.1773],[80.4868,21.1768],[80.4808,21.1716],[80.4786,21.1707],[80.4757,21.171],[80.4734,21.1737],[80.4696,21.1733],[80.4668,21.175],[80.4643,21.175],[80.4608,21.1648],[80.461,21.1573],[80.4587,21.1501],[80.4531,21.1366],[80.449,21.129],[80.4471,21.1269],[80.4457,21.1227],[80.4447,21.122],[80.4452,21.1207],[80.4547,21.1183],[80.4581,21.1149],[80.4582,21.1139],[80.4553,21.1135],[80.4536,21.1116],[80.4531,21.1118],[80.4535,21.1127],[80.4478,21.1124],[80.447,21.1103],[80.4473,21.1072],[80.4465,21.1048],[80.442,21.1009],[80.4391,21.0966],[80.4416,21.0936],[80.4409,21.0898],[80.4463,21.0841],[80.4463,21.0811],[80.4473,21.0783],[80.4465,21.0734],[80.4488,21.0711],[80.4497,21.0692],[80.447,21.0644],[80.4472,21.0633],[80.4496,21.0603],[80.4495,21.0573],[80.4516,21.0564],[80.4534,21.0546],[80.4539,21.0531],[80.454,21.0514],[80.4524,21.0485],[80.4512,21.0428],[80.4526,21.0388],[80.4506,21.0368],[80.4495,21.0303],[80.4447,21.028],[80.4401,21.0281],[80.4389,21.0255],[80.4392,21.0218],[80.4358,21.0202],[80.433,21.0157],[80.4289,21.0117],[80.4258,21.0119],[80.4251,21.0114],[80.4243,21.0085],[80.4258,21.006],[80.4352,21.0015],[80.4438,20.994],[80.4435,20.9873],[80.4429,20.9865],[80.4447,20.9841],[80.4455,20.9798],[80.4438,20.9772],[80.4454,20.9706],[80.4475,20.9656],[80.4491,20.9646],[80.4523,20.9554],[80.4547,20.9528],[80.4538,20.95],[80.4547,20.9466],[80.4577,20.9436],[80.4588,20.9416],[80.4617,20.9398],[80.4624,20.9364],[80.4617,20.9333],[80.4637,20.9292],[80.4721,20.9292],[80.4765,20.9285],[80.4841,20.9289],[80.4867,20.9297],[80.4929,20.9293],[80.5033,20.9313],[80.5116,20.93],[80.5191,20.9298],[80.5248,20.931],[80.5345,20.9346],[80.5364,20.9328],[80.539,20.9326],[80.5434,20.9336],[80.5461,20.935],[80.5463,20.932],[80.5446,20.9316],[80.5443,20.9301],[80.542,20.9302],[80.5429,20.9254],[80.5418,20.9239],[80.543,20.9207],[80.5446,20.9188],[80.5481,20.9118],[80.5526,20.8968],[80.5561,20.8892],[80.5559,20.8855],[80.5548,20.8813],[80.5558,20.8788],[80.5539,20.8716],[80.5565,20.8609],[80.5566,20.8539],[80.555,20.8466],[80.5565,20.8378],[80.5612,20.8306],[80.5617,20.8235],[80.5588,20.8237],[80.5578,20.8229],[80.5547,20.8223],[80.5516,20.8248],[80.551,20.826],[80.5486,20.826],[80.5385,20.8296],[80.5323,20.8304],[80.5263,20.8337],[80.5216,20.8347],[80.5121,20.8334],[80.5043,20.8297],[80.4872,20.8249],[80.4791,20.8249],[80.4735,20.824],[80.4696,20.8217],[80.4689,20.8226],[80.4617,20.8203],[80.4557,20.8205],[80.4416,20.8231],[80.4346,20.8233],[80.4285,20.8246],[80.4142,20.8247],[80.4123,20.8205],[80.4085,20.817],[80.4061,20.8115],[80.4038,20.8088],[80.4017,20.8077],[80.3916,20.8062],[80.3916,20.8072],[80.3814,20.8066],[80.3765,20.8091],[80.3699,20.8118],[80.3674,20.8122],[80.3645,20.8123],[80.3607,20.809],[80.3566,20.8093],[80.3541,20.8105],[80.3406,20.8213],[80.3358,20.8212],[80.3323,20.8199],[80.3316,20.8195],[80.3302,20.8087],[80.3253,20.8005],[80.3246,20.7978],[80.321,20.7986],[80.323,20.7896],[80.3199,20.7848],[80.3187,20.7785],[80.3169,20.7762],[80.3182,20.7687],[80.3212,20.7654],[80.3224,20.7605],[80.321,20.7561],[80.3213,20.7531],[80.3133,20.742],[80.3119,20.7415],[80.311,20.7373],[80.3078,20.7322],[80.3091,20.7293],[80.3091,20.7282],[80.3044,20.7223],[80.3041,20.7191],[80.2984,20.7103],[80.2944,20.7109],[80.2881,20.7097],[80.2835,20.7096],[80.282,20.7101],[80.2811,20.7092],[80.2735,20.681],[80.2713,20.6794],[80.2679,20.6783],[80.2588,20.6782],[80.2544,20.679],[80.2526,20.6783],[80.2508,20.679],[80.2489,20.6755],[80.2498,20.672],[80.2501,20.6664],[80.2522,20.6657],[80.2523,20.664],[80.2502,20.6613],[80.2491,20.6586],[80.2426,20.6547],[80.2382,20.6557],[80.2304,20.6591],[80.2215,20.6613],[80.2185,20.6626],[80.2138,20.6631],[80.2118,20.6653],[80.2099,20.665],[80.2077,20.6655],[80.2069,20.6659],[80.2068,20.6669],[80.205,20.6678],[80.2021,20.6673],[80.2018,20.6679],[80.2025,20.6689],[80.2017,20.6702],[80.1998,20.671],[80.2003,20.6721],[80.1985,20.6729],[80.1979,20.674],[80.1962,20.6734],[80.1953,20.6743],[80.1949,20.6751],[80.1956,20.6758],[80.1947,20.677],[80.1931,20.6758],[80.1913,20.6765],[80.1899,20.6755],[80.1898,20.6766],[80.1886,20.6761],[80.1878,20.6775],[80.1866,20.6766],[80.1848,20.6794],[80.1834,20.6788],[80.1814,20.679],[80.1788,20.6774],[80.1772,20.6787],[80.1767,20.6801],[80.1752,20.6808],[80.1731,20.683],[80.1707,20.6826],[80.1701,20.6842],[80.1691,20.6841],[80.1664,20.6858],[80.1658,20.6879],[80.1637,20.6893],[80.1635,20.6905],[80.1645,20.6914],[80.1626,20.6938],[80.1606,20.6935],[80.158,20.6941],[80.1569,20.6934],[80.1552,20.6947],[80.1549,20.6939],[80.154,20.6937],[80.154,20.6908],[80.1509,20.6913],[80.1447,20.6907],[80.1419,20.6913],[80.1416,20.6876],[80.1399,20.6854],[80.1355,20.6846],[80.1349,20.6848],[80.1348,20.688],[80.1334,20.6901],[80.1315,20.6907],[80.1244,20.6904],[80.1208,20.6887],[80.1161,20.6941],[80.1129,20.6951],[80.1092,20.6943],[80.1055,20.6917],[80.1027,20.6909],[80.0974,20.6906],[80.0932,20.691],[80.0849,20.6952],[80.0788,20.697],[80.0745,20.7017],[80.0727,20.7055],[80.0674,20.7089],[80.0588,20.7121],[80.0576,20.7119],[80.0572,20.7108],[80.0549,20.7119],[80.0539,20.7096],[80.0525,20.7091],[80.046,20.7093],[80.0402,20.7048],[80.0323,20.7001],[80.0295,20.6912],[80.0284,20.6853],[80.0247,20.6793],[80.0204,20.6747],[80.0164,20.6671],[80.0154,20.6676],[80.0144,20.6708],[80.0153,20.672],[80.0142,20.6749],[80.0113,20.6734],[80.0091,20.6739],[80.0095,20.6724],[80.0085,20.6713],[80.0066,20.671],[80.0067,20.6693],[80.0062,20.669],[80.0028,20.6708],[80.0029,20.6713],[80.001,20.6724],[80.0003,20.6741],[79.9964,20.6752],[79.9917,20.6743],[79.9897,20.673],[79.9873,20.6739],[79.9814,20.6784],[79.9803,20.6831],[79.9732,20.6857],[79.9665,20.6919],[79.9648,20.6942],[79.9652,20.6976],[79.9697,20.7048],[79.9712,20.7113],[79.9693,20.7153],[79.9616,20.7167],[79.9547,20.7202],[79.9533,20.72],[79.9495,20.7179],[79.9476,20.718],[79.9453,20.719],[79.9452,20.7203],[79.9443,20.7209],[79.9461,20.7213],[79.9466,20.722],[79.946,20.7224],[79.9471,20.7231],[79.9463,20.7237],[79.9474,20.7257],[79.9469,20.7262],[79.948,20.7272],[79.9472,20.7279],[79.9471,20.7291],[79.9503,20.7279],[79.9528,20.7282],[79.9547,20.7301],[79.9551,20.7277],[79.9561,20.727],[79.9577,20.7288],[79.958,20.7304],[79.9561,20.7314],[79.9625,20.7379],[79.9649,20.7379],[79.9677,20.7369],[79.9714,20.7451],[79.966,20.7487],[79.9605,20.7506],[79.9605,20.7521],[79.9567,20.7528],[79.9553,20.766],[79.9689,20.7704],[79.9797,20.773],[79.9672,20.7831],[79.9597,20.7834],[79.9557,20.7817],[79.9535,20.7792],[79.9473,20.7799],[79.9496,20.7887],[79.9417,20.7884],[79.9405,20.8014],[79.9446,20.8045],[79.9466,20.8051],[79.9476,20.804],[79.9537,20.8066],[79.9566,20.809],[79.9576,20.8134],[79.9591,20.8129],[79.9595,20.814],[79.9523,20.8223],[79.9511,20.8261],[79.9588,20.8265],[79.9658,20.8318],[79.9675,20.831],[79.9675,20.8257],[79.9719,20.8243],[79.9737,20.8266],[79.9772,20.8258],[79.9798,20.8262],[79.9818,20.8254],[79.9826,20.8258],[79.9851,20.8257],[79.9878,20.827],[79.9911,20.8304],[79.9929,20.8339],[79.9975,20.8445],[79.9992,20.8505],[79.9875,20.8551],[79.9863,20.8579],[79.9862,20.8599],[79.9841,20.8627],[79.9826,20.8621],[79.981,20.8607],[79.9813,20.8577],[79.9799,20.8553],[79.9829,20.8552],[79.9836,20.8502],[79.9864,20.8481],[79.9843,20.8421],[79.9798,20.836],[79.9775,20.837],[79.9744,20.8399],[79.9701,20.8554],[79.9655,20.8549],[79.9669,20.8586],[79.9688,20.8715],[79.9695,20.8713],[79.9704,20.8743],[79.9697,20.8808],[79.9645,20.8809],[79.9647,20.8873],[79.975,20.8864],[79.9762,20.8871],[79.9772,20.8901],[79.9745,20.8924],[79.9715,20.8912],[79.9715,20.8932],[79.9729,20.8959],[79.9728,20.9],[79.9704,20.9054],[79.9701,20.9099],[79.9675,20.9138],[79.9641,20.9139],[79.9631,20.9146],[79.9618,20.9174],[79.9617,20.9205],[79.9637,20.932],[79.9655,20.9338],[79.9691,20.9345],[79.969,20.94],[79.9593,20.9397],[79.9543,20.9389],[79.9528,20.9411],[79.9537,20.9424],[79.9534,20.9439],[79.9542,20.9448],[79.9576,20.9457],[79.9592,20.9453],[79.957,20.9482],[79.9586,20.9512],[79.9603,20.951],[79.9643,20.9536],[79.9687,20.9532],[79.971,20.9536],[79.9715,20.9517],[79.9747,20.9511],[79.9754,20.9489],[79.977,20.9494],[79.9767,20.9471],[79.9784,20.948],[79.9793,20.9476],[79.9802,20.9484],[79.9812,20.9478],[79.9823,20.949],[79.9824,20.9505],[79.9837,20.9519],[79.9853,20.9504],[79.9858,20.9508],[79.9862,20.9528],[79.9895,20.9518],[79.9914,20.9525],[79.9938,20.9507],[79.9955,20.9521],[79.9968,20.9514],[79.9967,20.9498],[79.9974,20.9503],[79.9994,20.95],[80.0022,20.9486],[80.0046,20.9494],[80.008,20.9527],[80.0085,20.9541],[80.0131,20.9527],[80.0151,20.9538],[80.016,20.9556],[80.0166,20.9552],[80.0174,20.9558],[80.0233,20.9558],[80.0274,20.9571],[80.0324,20.9576],[80.0345,20.957],[80.0339,20.9559],[80.0335,20.9499],[80.0308,20.9465],[80.0294,20.9409],[80.0225,20.9451],[80.0203,20.9432],[80.019,20.9435],[80.0189,20.9425],[80.0179,20.9419],[80.016,20.9424],[80.0159,20.9435],[80.0147,20.9437],[80.0141,20.9425],[80.0119,20.9432],[80.0112,20.9427],[80.0111,20.9411],[80.0127,20.9411],[80.0126,20.9394],[80.0119,20.9389],[80.0106,20.9396],[80.0098,20.9386],[80.0102,20.9374],[80.0117,20.9366],[80.0124,20.9354],[80.0129,20.9371],[80.0137,20.9374],[80.0167,20.9354],[80.0199,20.9352],[80.0202,20.9342],[80.0194,20.9336],[80.0217,20.9328],[80.0253,20.933],[80.0286,20.9341],[80.0296,20.9351],[80.0307,20.9348],[80.0316,20.9353],[80.0283,20.937],[80.0288,20.9401],[80.0302,20.9396],[80.0299,20.938],[80.033,20.9369],[80.0406,20.9363],[80.0433,20.9404],[80.0435,20.9426],[80.0443,20.9433],[80.0437,20.9471],[80.0443,20.9493],[80.0474,20.9521],[80.0486,20.9555],[80.0434,20.9579],[80.04,20.9577],[80.0377,20.9587],[80.0372,20.965],[80.0494,20.957],[80.053,20.9532],[80.0621,20.9489],[80.0599,20.9537],[80.0586,20.9542],[80.0579,20.9582],[80.0605,20.9587],[80.0662,20.9576],[80.0679,20.9564],[80.0709,20.9566],[80.072,20.9639],[80.0707,20.9637],[80.0708,20.9654],[80.0748,20.9652],[80.076,20.9696],[80.0796,20.9762],[80.0811,20.9815],[80.0819,20.9824],[80.0824,20.9868],[80.0762,20.9883],[80.0764,20.9897],[80.0821,20.9895],[80.083,20.989],[80.0819,20.9873],[80.0839,20.9867],[80.0893,20.9903],[80.0935,20.9919],[80.0971,20.9918],[80.1006,20.9903],[80.1021,20.9904],[80.1014,20.9923],[80.0999,20.9927],[80.1009,20.9951],[80.0999,20.9958],[80.1006,20.998],[80.1,20.9984],[80.0993,20.9975],[80.0987,20.998],[80.0983,20.9994],[80.0989,21.0004],[80.0978,21.0011],[80.0978,21.0026],[80.0967,21.0037],[80.0975,21.0039],[80.0975,21.0053],[80.095,21.0062],[80.094,21.0079],[80.0945,21.0098],[80.0941,21.0105],[80.0965,21.0125],[80.0978,21.0128],[80.0969,21.0143],[80.0977,21.0155],[80.0972,21.0168],[80.0991,21.0192],[80.0986,21.0216],[80.0992,21.0224],[80.099,21.0235],[80.0976,21.0244],[80.098,21.0267],[80.0965,21.0275],[80.0945,21.0274],[80.0952,21.0298],[80.0964,21.0314],[80.0959,21.0328],[80.095,21.0328],[80.0932,21.034],[80.0916,21.033],[80.088,21.0332],[80.087,21.0344],[80.0835,21.0354],[80.0822,21.0339],[80.0805,21.0337],[80.0812,21.0316],[80.0808,21.0312],[80.0783,21.0312],[80.0776,21.0277],[80.0747,21.0293],[80.0726,21.0286],[80.0687,21.0296],[80.0667,21.0292],[80.066,21.0319],[80.0645,21.0301],[80.063,21.0307],[80.0649,21.0314],[80.0658,21.0326],[80.0671,21.0327],[80.0677,21.0334],[80.0674,21.0344],[80.0741,21.0367],[80.0765,21.0388],[80.0777,21.0428],[80.0799,21.0465],[80.0801,21.0511],[80.0787,21.0524],[80.0787,21.0531],[80.0751,21.0549],[80.0754,21.0577],[80.0688,21.0599],[80.0694,21.0608],[80.0774,21.0627],[80.079,21.0624],[80.0796,21.0637],[80.0803,21.0638],[80.0819,21.0687],[80.0827,21.069],[80.0829,21.0724],[80.0842,21.0727],[80.0843,21.0737],[80.0842,21.0756],[80.077,21.0792],[80.0697,21.0816],[80.0729,21.0885],[80.0765,21.0935],[80.0754,21.0984],[80.0738,21.0994],[80.072,21.0998],[80.0713,21.0989],[80.0685,21.1001],[80.064,21.0985],[80.061,21.0992],[80.0622,21.1022],[80.0675,21.1068],[80.0701,21.1131],[80.0821,21.1186],[80.0815,21.1205],[80.0726,21.1199],[80.0728,21.1234],[80.0717,21.1265],[80.074,21.1273],[80.0742,21.1323],[80.0735,21.1349],[80.0785,21.1365],[80.0779,21.1374],[80.0788,21.1381],[80.0795,21.1449],[80.0805,21.1477],[80.0792,21.1496],[80.077,21.1504],[80.0742,21.1552],[80.0721,21.1556],[80.0716,21.1593],[80.0722,21.1613],[80.0715,21.1642],[80.0686,21.171],[80.0669,21.1727],[80.0687,21.1743],[80.0706,21.1746],[80.0711,21.1788],[80.0691,21.1786],[80.0691,21.1796],[80.0703,21.1805],[80.0688,21.1813],[80.069,21.183],[80.0717,21.185],[80.0717,21.1861],[80.0725,21.1861],[80.0729,21.187],[80.0718,21.1873],[80.0721,21.1885],[80.0711,21.1883],[80.0705,21.1892],[80.069,21.1888],[80.07,21.1898],[80.0697,21.1909],[80.068,21.1911],[80.0689,21.1927],[80.0677,21.1941],[80.0687,21.1959],[80.0547,21.2001],[80.0549,21.2005],[80.0508,21.2025],[80.0497,21.2055],[80.0504,21.206],[80.0493,21.2071],[80.0482,21.2069],[80.0428,21.2102],[80.0396,21.2099],[80.0368,21.2106],[80.0366,21.2101],[80.0351,21.2123],[80.0326,21.2135],[80.0284,21.2122],[80.0262,21.2121],[80.0245,21.213],[80.0242,21.2158],[80.0265,21.2207],[80.0245,21.2231],[80.0231,21.2286],[80.011,21.2199],[80.0028,21.2181],[79.9998,21.2224],[79.9943,21.2262],[79.9931,21.2297],[79.9905,21.2322],[79.9898,21.2339],[79.9858,21.2337],[79.9819,21.2346],[79.9801,21.2343],[79.9793,21.2335],[79.9735,21.2326],[79.9725,21.2331],[79.966,21.2327],[79.9642,21.2336],[79.9628,21.236],[79.9616,21.2369],[79.9558,21.2381],[79.9516,21.2441],[79.9469,21.2473],[79.939,21.2549],[79.9341,21.2555],[79.9317,21.2548],[79.9283,21.2548],[79.9263,21.256],[79.9207,21.2557],[79.915,21.2516],[79.9105,21.2502],[79.9059,21.2447],[79.9052,21.2473],[79.9036,21.2481],[79.9042,21.2493],[79.9026,21.2511],[79.8907,21.2525],[79.8868,21.2505],[79.8864,21.2533],[79.8894,21.2544],[79.8889,21.2559],[79.8741,21.2499],[79.8673,21.2498],[79.8657,21.2486],[79.863,21.2445],[79.8607,21.2455],[79.8597,21.2478],[79.8581,21.2474],[79.8555,21.2449],[79.8529,21.2477],[79.8497,21.2485],[79.8488,21.2498],[79.8452,21.2522],[79.8426,21.2536],[79.8401,21.2538],[79.841,21.2569],[79.8457,21.2555],[79.8534,21.255],[79.8537,21.2516],[79.8597,21.2522],[79.8612,21.251],[79.8639,21.2519],[79.8633,21.2582],[79.8605,21.2597],[79.8593,21.2616],[79.8558,21.2617],[79.8545,21.2603],[79.8492,21.2592],[79.8439,21.2597],[79.838,21.2614],[79.8367,21.2624],[79.8369,21.2628],[79.8313,21.2634],[79.8289,21.2731],[79.8262,21.2731],[79.826,21.2772],[79.8262,21.28],[79.8269,21.2809],[79.833,21.2826],[79.8336,21.2843],[79.8369,21.2842],[79.8378,21.2849],[79.8358,21.2868],[79.834,21.2872],[79.8341,21.2879],[79.835,21.2887],[79.8359,21.2885],[79.8361,21.2892],[79.8346,21.2894],[79.8346,21.291],[79.8339,21.291],[79.8332,21.2922],[79.8325,21.2922],[79.8312,21.2935],[79.8308,21.2924],[79.8291,21.2923],[79.8287,21.2977],[79.8281,21.2984],[79.8284,21.3004],[79.8306,21.3001],[79.8313,21.3028],[79.833,21.3028],[79.8337,21.3049],[79.8334,21.3101],[79.8326,21.3104],[79.8327,21.3096],[79.832,21.3097],[79.8322,21.3088],[79.8306,21.3095],[79.8315,21.3117],[79.8307,21.3121],[79.8306,21.3114],[79.8298,21.3126],[79.8286,21.313],[79.8295,21.3136],[79.8288,21.3157],[79.8258,21.3187],[79.8258,21.3196],[79.8195,21.3197],[79.813,21.3213],[79.8144,21.3277],[79.8149,21.3353],[79.814,21.336],[79.8116,21.336],[79.8107,21.3389],[79.8116,21.3446],[79.8129,21.3484],[79.8132,21.3558],[79.811,21.355],[79.8104,21.3576],[79.8095,21.3575],[79.8097,21.3569],[79.8078,21.357],[79.8073,21.3582],[79.8035,21.3581],[79.803,21.359],[79.8,21.3576],[79.7995,21.3633],[79.7966,21.3695],[79.796,21.3737],[79.7986,21.3791],[79.8027,21.3832],[79.8128,21.3884],[79.8213,21.3914],[79.8262,21.3947],[79.836,21.403],[79.8479,21.4117],[79.8529,21.4145],[79.8729,21.4214],[79.8765,21.4232],[79.8804,21.4261],[79.8811,21.4288],[79.8791,21.4363],[79.8795,21.4385],[79.8895,21.4515],[79.8906,21.4561],[79.8937,21.4594],[79.901,21.4651],[79.9182,21.4809],[79.9232,21.4873],[79.9277,21.4954],[79.9282,21.5019],[79.9262,21.5136],[79.9212,21.5223],[79.9178,21.5244],[79.9185,21.5245],[79.9185,21.5286],[79.92,21.5317],[79.9222,21.5418],[79.9298,21.5526],[79.9328,21.555],[79.9376,21.5564],[79.9482,21.5542],[79.9504,21.5543],[79.9595,21.5575],[79.9639,21.5584],[79.9696,21.5584],[79.9715,21.5577],[79.9795,21.5505],[79.9869,21.5392],[79.9899,21.536],[79.9968,21.5336],[80.0005,21.5337],[80.0041,21.5355],[80.0206,21.547],[80.0251,21.5514],[80.0329,21.5562],[80.0408,21.5567],[80.05,21.5553],[80.055,21.5535],[80.0623,21.5534],[80.0667,21.5542],[80.0722,21.5568],[80.0764,21.5606],[80.0829,21.5684],[80.0901,21.5745],[80.0931,21.5787],[80.0938,21.5813],[80.0963,21.585],[80.1006,21.5895],[80.1037,21.5907],[80.1118,21.5911],[80.1161,21.5933],[80.1182,21.5985],[80.1175,21.6046],[80.118,21.6076],[80.1186,21.6089],[80.1213,21.6109],[80.1236,21.6115],[80.1287,21.6114],[80.1344,21.6082],[80.1456,21.6055],[80.1546,21.6065],[80.1602,21.6107],[80.1625,21.6153],[80.1703,21.6229],[80.185,21.6271],[80.1876,21.6285],[80.1904,21.6313],[80.1928,21.6354],[80.2014,21.6361]]]}},{"type":"Feature","properties":{"district":"Nagpur"},"geometry":{"type":"Polygon","coordinates":[[[79.2306,21.7222],[79.2353,21.7219],[79.2419,21.7202],[79.245,21.7215],[79.2481,21.7197],[79.2517,21.7197],[79.2574,21.7177],[79.2692,21.7149],[79.2729,21.712],[79.2779,21.7094],[79.279,21.7075],[79.2792,21.7041],[79.2805,21.7017],[79.2831,21.6994],[79.2858,21.6955],[79.2886,21.6953],[79.2906,21.6925],[79.2947,21.6925],[79.2967,21.6933],[79.3114,21.6883],[79.3157,21.6879],[79.3183,21.6885],[79.3203,21.6876],[79.3222,21.6852],[79.3231,21.6871],[79.3246,21.688],[79.3429,21.684],[79.3463,21.6838],[79.3543,21.6848],[79.3524,21.6781],[79.3534,21.679],[79.357,21.6792],[79.3643,21.6782],[79.3747,21.6784],[79.3774,21.6781],[79.3838,21.6756],[79.3875,21.6762],[79.3911,21.6743],[79.3925,21.6741],[79.3961,21.6765],[79.399,21.6762],[79.4004,21.6768],[79.4027,21.6822],[79.4101,21.6848],[79.4157,21.6912],[79.4186,21.6907],[79.4222,21.6918],[79.428,21.6898],[79.4295,21.6878],[79.4352,21.6828],[79.4403,21.683],[79.4427,21.6823],[79.4495,21.6821],[79.4573,21.6849],[79.4607,21.6876],[79.464,21.6857],[79.4727,21.6823],[79.4807,21.6778],[79.4963,21.674],[79.4955,21.6696],[79.4962,21.6654],[79.4972,21.6635],[79.5001,21.6615],[79.5014,21.6598],[79.5013,21.6517],[79.5068,21.6457],[79.5043,21.6422],[79.5043,21.6411],[79.5066,21.639],[79.5078,21.6344],[79.5127,21.6329],[79.5143,21.6314],[79.5161,21.6314],[79.5172,21.6258],[79.5166,21.6209],[79.5071,21.6213],[79.5048,21.6185],[79.5037,21.6146],[79.5044,21.6112],[79.5063,21.6092],[79.5102,21.6067],[79.511,21.6049],[79.5101,21.5957],[79.512,21.584],[79.5144,21.5821],[79.5182,21.5804],[79.5279,21.5797],[79.5321,21.575],[79.5401,21.5706],[79.5433,21.5668],[79.5441,21.5634],[79.5439,21.5595],[79.5386,21.5517],[79.5376,21.549],[79.5377,21.5462],[79.5402,21.5427],[79.5399,21.5415],[79.5375,21.539],[79.5382,21.5371],[79.5376,21.5361],[79.5359,21.5359],[79.5317,21.5399],[79.5275,21.5392],[79.527,21.54],[79.5247,21.5395],[79.5196,21.5359],[79.5139,21.5342],[79.512,21.5313],[79.5082,21.5289],[79.5069,21.5263],[79.4998,21.5168],[79.4959,21.5145],[79.4924,21.5083],[79.4843,21.5032],[79.4829,21.5014],[79.4803,21.5015],[79.4815,21.4992],[79.4785,21.4932],[79.4751,21.4896],[79.4725,21.4839],[79.471,21.4831],[79.4691,21.4836],[79.4629,21.4742],[79.4599,21.4679],[79.4584,21.468],[79.4576,21.4625],[79.4539,21.4605],[79.4525,21.459],[79.4491,21.4594],[79.4483,21.4562],[79.4501,21.4517],[79.4488,21.4504],[79.4495,21.4477],[79.4481,21.4438],[79.4484,21.4347],[79.4549,21.431],[79.4568,21.428],[79.4621,21.4259],[79.4642,21.4263],[79.4669,21.4246],[79.4678,21.4246],[79.4684,21.4259],[79.4702,21.426],[79.4748,21.4288],[79.4802,21.4289],[79.4822,21.427],[79.4856,21.4192],[79.4852,21.4126],[79.4862,21.4087],[79.4872,21.4076],[79.4865,21.406],[79.4882,21.4031],[79.4863,21.4003],[79.4846,21.4002],[79.4838,21.3988],[79.4848,21.3985],[79.4881,21.3992],[79.4995,21.3985],[79.5024,21.3927],[79.5027,21.3917],[79.5022,21.3912],[79.5072,21.3858],[79.5071,21.3839],[79.508,21.3838],[79.5079,21.3832],[79.5088,21.383],[79.5088,21.3805],[79.5095,21.3808],[79.5108,21.3802],[79.5109,21.3788],[79.512,21.3773],[79.5135,21.3767],[79.513,21.3747],[79.5138,21.3747],[79.5148,21.3736],[79.5155,21.3738],[79.5149,21.3727],[79.5163,21.3713],[79.5172,21.3713],[79.5167,21.3692],[79.5174,21.3663],[79.5191,21.3663],[79.5215,21.3648],[79.5214,21.3639],[79.5221,21.3646],[79.5227,21.3642],[79.5237,21.3616],[79.5233,21.3612],[79.5247,21.3599],[79.5235,21.3577],[79.5241,21.3569],[79.5236,21.3562],[79.5243,21.3559],[79.5241,21.3535],[79.5257,21.3517],[79.5252,21.3507],[79.5263,21.3504],[79.5264,21.349],[79.5285,21.3493],[79.5292,21.3486],[79.5302,21.3492],[79.5317,21.3481],[79.5337,21.3488],[79.534,21.3458],[79.5356,21.3465],[79.5351,21.3448],[79.5363,21.3453],[79.537,21.3443],[79.5338,21.3398],[79.5392,21.341],[79.5395,21.3395],[79.5389,21.3377],[79.5404,21.3366],[79.5407,21.3373],[79.5414,21.3372],[79.5425,21.3348],[79.5443,21.3332],[79.5443,21.3317],[79.5486,21.33],[79.5487,21.3291],[79.5498,21.3302],[79.5508,21.329],[79.5537,21.3302],[79.5552,21.3286],[79.5537,21.3263],[79.5553,21.3255],[79.5552,21.3246],[79.5565,21.3243],[79.5549,21.3232],[79.5556,21.3218],[79.5545,21.3189],[79.5552,21.318],[79.554,21.3169],[79.5524,21.3182],[79.5512,21.3177],[79.5515,21.3167],[79.5529,21.3167],[79.5532,21.3152],[79.5539,21.3149],[79.5523,21.3131],[79.5534,21.3122],[79.5537,21.3101],[79.5567,21.3085],[79.5563,21.3073],[79.5538,21.3067],[79.5536,21.3057],[79.5542,21.3049],[79.5555,21.3051],[79.5575,21.3042],[79.5556,21.3021],[79.5562,21.3017],[79.5599,21.3031],[79.5612,21.3003],[79.5608,21.2974],[79.5642,21.2996],[79.5646,21.2976],[79.5662,21.2976],[79.5656,21.2963],[79.5672,21.2957],[79.568,21.2939],[79.5688,21.2935],[79.5682,21.2916],[79.5707,21.292],[79.5721,21.2869],[79.5719,21.2838],[79.5723,21.283],[79.5751,21.2835],[79.575,21.2822],[79.5736,21.2803],[79.5749,21.2796],[79.5761,21.2761],[79.5738,21.2716],[79.5698,21.2719],[79.5691,21.2668],[79.5674,21.2623],[79.5671,21.2587],[79.5686,21.253],[79.5689,21.2476],[79.5646,21.2469],[79.5633,21.2459],[79.5605,21.2414],[79.5595,21.2333],[79.5602,21.233],[79.5601,21.2321],[79.5613,21.232],[79.5613,21.2312],[79.5632,21.2312],[79.5631,21.2269],[79.5615,21.2269],[79.5611,21.2251],[79.56,21.2251],[79.5588,21.2186],[79.5579,21.2188],[79.5553,21.213],[79.5528,21.2099],[79.5497,21.2084],[79.5494,21.2066],[79.557,21.203],[79.5584,21.1985],[79.557,21.1977],[79.5582,21.1965],[79.5583,21.1949],[79.5571,21.1931],[79.5573,21.1919],[79.5592,21.1913],[79.5604,21.1892],[79.5595,21.1856],[79.556,21.1834],[79.5546,21.1789],[79.5509,21.1732],[79.5509,21.1713],[79.5536,21.1694],[79.5554,21.1688],[79.5577,21.1697],[79.5581,21.1692],[79.5574,21.1674],[79.5594,21.1661],[79.5586,21.1642],[79.5577,21.1641],[79.56,21.1613],[79.5588,21.1602],[79.5581,21.1607],[79.5564,21.1597],[79.5564,21.1586],[79.558,21.1588],[79.5571,21.1561],[79.5546,21.1567],[79.5552,21.1569],[79.5553,21.1578],[79.5538,21.157],[79.5539,21.1578],[79.5524,21.1584],[79.5522,21.1593],[79.5501,21.1586],[79.5501,21.1596],[79.5495,21.1597],[79.5494,21.159],[79.5468,21.1598],[79.5466,21.159],[79.5451,21.1601],[79.5441,21.1589],[79.5449,21.1588],[79.5447,21.158],[79.5437,21.1587],[79.5417,21.1567],[79.5413,21.1575],[79.5418,21.1586],[79.541,21.159],[79.5358,21.1582],[79.5321,21.1591],[79.5316,21.1602],[79.5301,21.1608],[79.5303,21.1614],[79.5282,21.1627],[79.5226,21.1641],[79.5231,21.1665],[79.5247,21.1678],[79.5242,21.1685],[79.525,21.171],[79.5273,21.1708],[79.5296,21.1729],[79.5303,21.1745],[79.5289,21.1764],[79.5269,21.1773],[79.5255,21.1768],[79.5248,21.1783],[79.5228,21.1776],[79.5221,21.1783],[79.5223,21.1793],[79.5211,21.1795],[79.521,21.1789],[79.5195,21.1791],[79.519,21.1767],[79.5165,21.1753],[79.5159,21.1775],[79.515,21.1761],[79.513,21.1763],[79.5121,21.1774],[79.5124,21.1779],[79.5105,21.1792],[79.5105,21.1805],[79.5077,21.1811],[79.5075,21.1828],[79.5074,21.1824],[79.506,21.1832],[79.5011,21.183],[79.4983,21.1837],[79.4958,21.1791],[79.4971,21.1783],[79.497,21.1759],[79.4998,21.1752],[79.4991,21.1708],[79.5004,21.1703],[79.4994,21.1682],[79.5063,21.1653],[79.5079,21.1639],[79.5081,21.1629],[79.5065,21.1549],[79.5041,21.1471],[79.503,21.1461],[79.5019,21.1464],[79.5017,21.1453],[79.4976,21.1434],[79.4974,21.1426],[79.4937,21.1428],[79.4932,21.1405],[79.4937,21.1378],[79.4962,21.1381],[79.4982,21.1364],[79.5012,21.1371],[79.5002,21.1349],[79.5006,21.1344],[79.503,21.1344],[79.5049,21.1357],[79.5055,21.1355],[79.5099,21.1327],[79.5101,21.1297],[79.509,21.1266],[79.5107,21.1253],[79.5102,21.124],[79.5126,21.1237],[79.5131,21.1248],[79.5141,21.1251],[79.5147,21.1245],[79.5146,21.1235],[79.5164,21.1229],[79.5172,21.1212],[79.5213,21.1212],[79.5247,21.1199],[79.524,21.1171],[79.522,21.1144],[79.5213,21.1146],[79.5172,21.1077],[79.5165,21.1047],[79.5179,21.1036],[79.5224,21.1037],[79.5251,21.1025],[79.5265,21.1],[79.5283,21.0991],[79.5285,21.0977],[79.5322,21.0958],[79.5307,21.0936],[79.5244,21.0907],[79.5231,21.0909],[79.5228,21.0902],[79.5196,21.0889],[79.5234,21.0824],[79.5264,21.0789],[79.53,21.0778],[79.5333,21.0784],[79.5392,21.0815],[79.5424,21.0845],[79.5427,21.0856],[79.548,21.0883],[79.5507,21.0887],[79.5537,21.0873],[79.5581,21.0809],[79.5614,21.0778],[79.5648,21.0709],[79.5675,21.0685],[79.5721,21.0661],[79.5764,21.0657],[79.5791,21.0667],[79.581,21.0686],[79.5848,21.0757],[79.5876,21.0776],[79.5923,21.0768],[79.5966,21.0739],[79.5989,21.0698],[79.602,21.0596],[79.6068,21.0504],[79.6133,21.0318],[79.6217,21.0166],[79.6317,21.0035],[79.6371,20.9904],[79.6412,20.9863],[79.6499,20.9801],[79.6512,20.9784],[79.6548,20.9722],[79.657,20.9628],[79.6541,20.944],[79.648,20.9275],[79.6463,20.9247],[79.6329,20.9118],[79.6253,20.9109],[79.6204,20.9094],[79.6144,20.9062],[79.6124,20.9036],[79.6103,20.897],[79.6111,20.8897],[79.6108,20.8858],[79.6084,20.8796],[79.608,20.8755],[79.6095,20.8712],[79.613,20.866],[79.6102,20.864],[79.6098,20.8652],[79.6093,20.8641],[79.6086,20.8641],[79.6077,20.8665],[79.6058,20.8674],[79.6042,20.8667],[79.6034,20.8671],[79.6029,20.8666],[79.6036,20.866],[79.6028,20.8651],[79.5998,20.8636],[79.5991,20.8638],[79.5993,20.8648],[79.5982,20.8655],[79.5976,20.8649],[79.5981,20.8642],[79.596,20.8642],[79.5945,20.8613],[79.593,20.8601],[79.5919,20.8553],[79.5884,20.8508],[79.5827,20.8449],[79.5796,20.8434],[79.5744,20.8447],[79.5652,20.8454],[79.5642,20.8464],[79.5651,20.8508],[79.563,20.8514],[79.5627,20.8525],[79.5608,20.8531],[79.5605,20.8539],[79.559,20.8543],[79.5581,20.8535],[79.558,20.8551],[79.5564,20.8561],[79.5556,20.8561],[79.5545,20.8538],[79.5495,20.8497],[79.5415,20.8523],[79.5387,20.8515],[79.5373,20.8522],[79.5396,20.848],[79.5389,20.8436],[79.5412,20.8398],[79.5429,20.8394],[79.5472,20.8344],[79.5466,20.8327],[79.548,20.8316],[79.5464,20.8304],[79.5466,20.829],[79.5485,20.8266],[79.5518,20.8262],[79.5518,20.8213],[79.5504,20.8205],[79.5536,20.8174],[79.5537,20.8145],[79.5547,20.8135],[79.5561,20.8138],[79.5557,20.8115],[79.5562,20.8101],[79.5589,20.809],[79.5595,20.8081],[79.5597,20.8054],[79.5584,20.8053],[79.558,20.8045],[79.5596,20.8027],[79.5575,20.8007],[79.5538,20.7998],[79.5536,20.8004],[79.5517,20.7994],[79.552,20.7985],[79.5505,20.7976],[79.5498,20.7948],[79.547,20.7938],[79.5464,20.7919],[79.5455,20.7911],[79.5447,20.7913],[79.5461,20.7858],[79.5413,20.7819],[79.5363,20.781],[79.5354,20.7792],[79.5354,20.7773],[79.5324,20.7759],[79.5315,20.7748],[79.5326,20.771],[79.5366,20.7647],[79.5362,20.7632],[79.5353,20.7635],[79.5348,20.7628],[79.5349,20.7593],[79.5314,20.7566],[79.5313,20.7482],[79.5319,20.7476],[79.5301,20.7413],[79.5286,20.7406],[79.5291,20.7391],[79.5284,20.7385],[79.5293,20.7365],[79.527,20.735],[79.5258,20.7352],[79.5248,20.7334],[79.5233,20.7328],[79.5238,20.7321],[79.5228,20.7318],[79.5233,20.7312],[79.5223,20.7299],[79.5226,20.7289],[79.5215,20.728],[79.5228,20.7265],[79.5214,20.7241],[79.5214,20.7228],[79.5203,20.7229],[79.5199,20.7213],[79.5194,20.7214],[79.5182,20.7169],[79.5181,20.7118],[79.5173,20.7119],[79.5172,20.7102],[79.5158,20.71],[79.516,20.7094],[79.5143,20.7094],[79.5143,20.7088],[79.5079,20.7099],[79.5058,20.7092],[79.5064,20.7062],[79.5055,20.7053],[79.5064,20.705],[79.5052,20.7035],[79.5053,20.7022],[79.5045,20.7019],[79.5036,20.7024],[79.5037,20.7032],[79.5004,20.7042],[79.5004,20.7048],[79.4948,20.705],[79.4948,20.708],[79.4935,20.7081],[79.4935,20.7091],[79.4899,20.7089],[79.4882,20.7024],[79.4868,20.7025],[79.4865,20.7003],[79.4851,20.7004],[79.4828,20.6952],[79.4809,20.6953],[79.4806,20.6919],[79.4775,20.6919],[79.4772,20.6907],[79.4737,20.6912],[79.4728,20.6872],[79.4719,20.6868],[79.4715,20.6837],[79.4697,20.6843],[79.4697,20.6816],[79.4675,20.6809],[79.4676,20.6799],[79.4639,20.6797],[79.4638,20.6774],[79.4611,20.6774],[79.4613,20.676],[79.4587,20.6758],[79.4584,20.6741],[79.454,20.6722],[79.454,20.6707],[79.4531,20.6698],[79.4514,20.6691],[79.4515,20.6696],[79.4495,20.67],[79.4489,20.6677],[79.4474,20.6678],[79.4473,20.6689],[79.4436,20.6697],[79.4429,20.6659],[79.4365,20.6641],[79.4361,20.6619],[79.4301,20.6634],[79.4303,20.6642],[79.428,20.6649],[79.4274,20.664],[79.4239,20.663],[79.4245,20.662],[79.424,20.6613],[79.4212,20.6611],[79.4195,20.6603],[79.4168,20.6615],[79.4157,20.6614],[79.416,20.6604],[79.4152,20.6603],[79.4125,20.6618],[79.4117,20.661],[79.4072,20.6613],[79.4049,20.6599],[79.4026,20.6593],[79.3976,20.6603],[79.3976,20.6627],[79.3948,20.6633],[79.3931,20.665],[79.3889,20.6658],[79.388,20.6667],[79.3886,20.6699],[79.388,20.6713],[79.3901,20.6734],[79.39,20.6771],[79.3886,20.6778],[79.3881,20.6814],[79.385,20.6812],[79.38,20.6819],[79.3795,20.6843],[79.3769,20.6822],[79.3731,20.6822],[79.3719,20.6816],[79.3715,20.6803],[79.3702,20.6797],[79.3708,20.6792],[79.3706,20.6784],[79.3692,20.6773],[79.3693,20.676],[79.3625,20.6756],[79.3606,20.6751],[79.3607,20.6745],[79.3576,20.6743],[79.3558,20.6743],[79.3559,20.6754],[79.3487,20.6761],[79.348,20.6698],[79.3492,20.6665],[79.3558,20.663],[79.3565,20.662],[79.355,20.6582],[79.3546,20.6548],[79.3538,20.653],[79.3522,20.6533],[79.3518,20.6524],[79.3516,20.653],[79.3481,20.6497],[79.3459,20.649],[79.3456,20.6474],[79.3436,20.6471],[79.3433,20.6462],[79.3439,20.6452],[79.3406,20.6452],[79.343,20.6439],[79.3441,20.6423],[79.3471,20.6433],[79.3472,20.6356],[79.3469,20.6349],[79.3454,20.6348],[79.3446,20.633],[79.3421,20.6334],[79.3397,20.6302],[79.3393,20.6264],[79.338,20.6266],[79.3374,20.6212],[79.3349,20.6206],[79.3341,20.6198],[79.332,20.6141],[79.3312,20.6098],[79.3319,20.6074],[79.3314,20.606],[79.3316,20.6028],[79.3309,20.6003],[79.3298,20.5998],[79.3304,20.5946],[79.3298,20.5939],[79.3273,20.5937],[79.3247,20.5907],[79.3224,20.5873],[79.3227,20.5851],[79.3212,20.5838],[79.314,20.5836],[79.3102,20.5853],[79.3081,20.5853],[79.3072,20.5874],[79.2973,20.5892],[79.2967,20.5927],[79.2941,20.593],[79.2881,20.5917],[79.2846,20.5888],[79.2832,20.5884],[79.2799,20.5889],[79.2768,20.5881],[79.2746,20.5903],[79.2703,20.589],[79.2675,20.589],[79.2642,20.5872],[79.2587,20.5894],[79.2539,20.5889],[79.2491,20.5912],[79.2456,20.5893],[79.2388,20.5877],[79.2339,20.5874],[79.2322,20.5861],[79.2224,20.5849],[79.2207,20.5831],[79.2209,20.5872],[79.2198,20.5907],[79.217,20.5913],[79.2133,20.5947],[79.2108,20.5959],[79.211,20.5983],[79.2092,20.5983],[79.2082,20.6001],[79.204,20.6017],[79.1926,20.6027],[79.1918,20.6023],[79.1912,20.5997],[79.1889,20.5992],[79.1877,20.6011],[79.1876,20.6077],[79.1859,20.6089],[79.1858,20.6119],[79.1866,20.6132],[79.1866,20.6144],[79.1837,20.6146],[79.184,20.6213],[79.1822,20.621],[79.1805,20.6192],[79.1792,20.6191],[79.1773,20.6208],[79.1742,20.6218],[79.1719,20.6257],[79.1686,20.627],[79.1701,20.6353],[79.1693,20.6413],[79.1707,20.6456],[79.1674,20.6477],[79.1577,20.6517],[79.15,20.6521],[79.1485,20.6525],[79.1474,20.6536],[79.1483,20.6612],[79.1437,20.6636],[79.1445,20.669],[79.1442,20.6716],[79.143,20.6713],[79.1425,20.6736],[79.1428,20.6791],[79.134,20.6796],[79.1277,20.6808],[79.1254,20.6818],[79.1234,20.6839],[79.1208,20.6842],[79.1201,20.6831],[79.1142,20.6847],[79.1121,20.6866],[79.1114,20.6883],[79.1052,20.6879],[79.1048,20.6894],[79.1059,20.6904],[79.1053,20.6926],[79.1066,20.6943],[79.1064,20.6965],[79.1081,20.7002],[79.1092,20.7002],[79.1091,20.7023],[79.1068,20.7055],[79.105,20.7104],[79.1039,20.7115],[79.1033,20.7157],[79.1012,20.7159],[79.1,20.7144],[79.098,20.714],[79.0979,20.713],[79.0967,20.7121],[79.0935,20.7121],[79.09,20.7112],[79.0887,20.7122],[79.088,20.7155],[79.0858,20.7168],[79.0836,20.7172],[79.0823,20.7163],[79.0765,20.7185],[79.073,20.7192],[79.0725,20.7267],[79.055,20.7275],[79.0555,20.7293],[79.0518,20.7292],[79.05,20.7334],[79.0503,20.7377],[79.0482,20.7381],[79.048,20.7371],[79.0421,20.7379],[79.0408,20.7383],[79.0407,20.7395],[79.0378,20.7409],[79.0373,20.7404],[79.0373,20.7412],[79.0363,20.7417],[79.0356,20.7397],[79.0349,20.7398],[79.0347,20.7381],[79.0276,20.739],[79.027,20.738],[79.0247,20.7392],[79.0193,20.739],[79.0156,20.7398],[79.0159,20.7443],[79.0135,20.7446],[79.0126,20.7457],[79.0113,20.7459],[79.0117,20.7478],[79.0054,20.7462],[79.0001,20.7458],[78.9974,20.7448],[78.9962,20.7545],[78.9968,20.7545],[78.9961,20.756],[78.9951,20.756],[78.9952,20.7551],[78.9942,20.7551],[78.9943,20.7545],[78.9866,20.7536],[78.9748,20.7552],[78.965,20.759],[78.9587,20.76],[78.9593,20.7623],[78.957,20.7639],[78.957,20.7653],[78.9543,20.7662],[78.9545,20.7674],[78.953,20.7677],[78.953,20.7682],[78.9461,20.7682],[78.9424,20.7667],[78.9423,20.7686],[78.9409,20.7697],[78.9407,20.7708],[78.9409,20.7767],[78.9417,20.7793],[78.941,20.7798],[78.9409,20.7813],[78.942,20.782],[78.9445,20.7821],[78.9455,20.7886],[78.9454,20.7937],[78.9382,20.7957],[78.937,20.7963],[78.9374,20.797],[78.9355,20.7976],[78.9322,20.797],[78.9244,20.7981],[78.9248,20.7996],[78.924,20.7997],[78.923,20.802],[78.9176,20.8053],[78.9156,20.8054],[78.9161,20.8069],[78.9119,20.8085],[78.9122,20.8098],[78.9138,20.8099],[78.9142,20.8126],[78.9152,20.8124],[78.9168,20.8195],[78.9127,20.8196],[78.9126,20.8224],[78.9119,20.8224],[78.9124,20.8284],[78.9131,20.8284],[78.9135,20.8303],[78.9124,20.8305],[78.9133,20.8327],[78.9127,20.8338],[78.9129,20.836],[78.9111,20.8365],[78.9097,20.8361],[78.9097,20.8369],[78.9075,20.8379],[78.9078,20.8389],[78.8995,20.8414],[78.8909,20.843],[78.8836,20.8436],[78.8835,20.8413],[78.8822,20.8393],[78.8816,20.8355],[78.8787,20.8323],[78.878,20.8298],[78.872,20.8305],[78.8683,20.8329],[78.8673,20.8341],[78.8675,20.8358],[78.8657,20.84],[78.864,20.841],[78.862,20.8408],[78.8606,20.8416],[78.86,20.8496],[78.8595,20.8495],[78.8597,20.8524],[78.8585,20.8527],[78.8584,20.8548],[78.8577,20.8549],[78.8578,20.8624],[78.8586,20.8668],[78.861,20.8698],[78.86,20.8745],[78.8549,20.8768],[78.8474,20.8786],[78.851,20.8862],[78.848,20.8867],[78.8419,20.8906],[78.8398,20.8924],[78.84,20.8929],[78.8381,20.8928],[78.8301,20.8948],[78.8246,20.8929],[78.8208,20.8881],[78.8172,20.8807],[78.8054,20.8865],[78.7856,20.8901],[78.773,20.9041],[78.7741,20.908],[78.7751,20.9094],[78.779,20.9108],[78.7828,20.9106],[78.7823,20.9112],[78.781,20.9121],[78.7756,20.9132],[78.7696,20.9122],[78.7686,20.9154],[78.769,20.9174],[78.7672,20.9181],[78.7665,20.9204],[78.7624,20.9208],[78.7613,20.9202],[78.7596,20.9214],[78.7577,20.9209],[78.7528,20.9234],[78.7484,20.9306],[78.7453,20.9336],[78.7424,20.9345],[78.7429,20.9362],[78.7396,20.9396],[78.7485,20.9446],[78.7447,20.9447],[78.7422,20.9438],[78.7371,20.9453],[78.7367,20.9463],[78.7332,20.9463],[78.7337,20.9469],[78.7324,20.9481],[78.7318,20.9561],[78.7309,20.9581],[78.7318,20.9596],[78.7301,20.9633],[78.7244,20.9688],[78.7258,20.9734],[78.7245,20.9783],[78.7234,20.9794],[78.7254,20.983],[78.7253,20.9842],[78.7244,20.9842],[78.7247,20.9852],[78.7237,20.986],[78.7238,20.9885],[78.7249,20.9923],[78.7287,20.9935],[78.7294,20.9946],[78.7291,20.997],[78.7268,21.0005],[78.7266,21.0042],[78.7254,21.0044],[78.7258,21.0033],[78.7252,21.0025],[78.7238,21.0027],[78.7226,21.0044],[78.7203,21.0055],[78.7192,21.0056],[78.7179,21.0044],[78.716,21.0041],[78.7143,21.0067],[78.7121,21.0085],[78.7104,21.014],[78.7073,21.0135],[78.697,21.017],[78.6922,21.0178],[78.689,21.0193],[78.6875,21.0211],[78.6863,21.0209],[78.6843,21.0237],[78.6827,21.0295],[78.678,21.0301],[78.6792,21.0333],[78.6789,21.0337],[78.6765,21.0327],[78.6759,21.0337],[78.6762,21.0357],[78.6756,21.0361],[78.6741,21.0364],[78.6733,21.0346],[78.6661,21.0335],[78.6614,21.0345],[78.6559,21.0332],[78.6492,21.0356],[78.6506,21.0449],[78.6496,21.0519],[78.6489,21.0535],[78.6452,21.0549],[78.6435,21.0584],[78.6293,21.0577],[78.6293,21.0594],[78.6266,21.0665],[78.6214,21.0681],[78.6185,21.0667],[78.6176,21.0654],[78.6151,21.0655],[78.615,21.0686],[78.6121,21.069],[78.6116,21.0702],[78.607,21.0696],[78.6074,21.074],[78.61,21.0793],[78.6106,21.0884],[78.6067,21.0892],[78.6001,21.0889],[78.5972,21.0896],[78.598,21.0965],[78.5945,21.0976],[78.5954,21.1026],[78.5968,21.1038],[78.5974,21.1059],[78.5993,21.1058],[78.5993,21.1081],[78.5902,21.1096],[78.5895,21.1114],[78.5881,21.1115],[78.5882,21.1149],[78.5856,21.1156],[78.5847,21.1166],[78.5805,21.1157],[78.5779,21.1142],[78.5741,21.1141],[78.5727,21.115],[78.5666,21.1148],[78.557,21.116],[78.555,21.1168],[78.5527,21.119],[78.5528,21.1258],[78.5486,21.1266],[78.5469,21.1277],[78.5463,21.1285],[78.5464,21.1306],[78.5455,21.1309],[78.5451,21.1327],[78.5403,21.1368],[78.5387,21.1365],[78.5303,21.1403],[78.5302,21.1427],[78.5289,21.1445],[78.5296,21.1458],[78.5277,21.1478],[78.5281,21.1509],[78.5259,21.152],[78.5248,21.1516],[78.5234,21.1522],[78.5242,21.1546],[78.5231,21.1552],[78.5217,21.1586],[78.5185,21.1628],[78.519,21.1658],[78.5203,21.1687],[78.5205,21.1715],[78.5198,21.1744],[78.5154,21.1785],[78.5138,21.1792],[78.5106,21.1827],[78.5099,21.1869],[78.5057,21.1863],[78.503,21.1872],[78.502,21.1908],[78.498,21.1952],[78.4949,21.197],[78.4917,21.2006],[78.4912,21.2025],[78.4862,21.2072],[78.4865,21.2086],[78.4856,21.2103],[78.4784,21.213],[78.4788,21.215],[78.4772,21.2172],[78.4773,21.2196],[78.475,21.219],[78.4723,21.216],[78.4704,21.216],[78.4695,21.2189],[78.4661,21.2196],[78.4638,21.2213],[78.4632,21.224],[78.4591,21.224],[78.4549,21.225],[78.4522,21.2279],[78.4503,21.2288],[78.4469,21.2344],[78.4453,21.236],[78.4426,21.2357],[78.4407,21.2347],[78.4301,21.226],[78.4194,21.2278],[78.4166,21.229],[78.4135,21.2326],[78.4119,21.2392],[78.4007,21.2395],[78.3964,21.2403],[78.3963,21.2412],[78.3825,21.2431],[78.3754,21.242],[78.3721,21.2432],[78.3675,21.2468],[78.3622,21.2493],[78.3584,21.2527],[78.352,21.2522],[78.3421,21.2532],[78.3401,21.2526],[78.3376,21.2504],[78.3314,21.25],[78.3283,21.252],[78.3246,21.2558],[78.3244,21.2629],[78.3294,21.2679],[78.3294,21.2694],[78.3278,21.2713],[78.3243,21.2732],[78.321,21.2732],[78.3142,21.2692],[78.3109,21.2681],[78.3066,21.2712],[78.3034,21.2755],[78.3028,21.2776],[78.3032,21.2795],[78.3092,21.2863],[78.312,21.2915],[78.3127,21.2946],[78.31,21.2951],[78.3087,21.295],[78.3076,21.2935],[78.2977,21.2927],[78.2942,21.2931],[78.2893,21.297],[78.288,21.2999],[78.2857,21.3023],[78.2774,21.3065],[78.2751,21.3111],[78.2699,21.3151],[78.2683,21.3207],[78.2668,21.3227],[78.2642,21.3229],[78.2596,21.3282],[78.2573,21.33],[78.2557,21.3298],[78.2554,21.3268],[78.2549,21.3258],[78.2537,21.3255],[78.2496,21.3312],[78.2504,21.3332],[78.2503,21.3376],[78.2511,21.3388],[78.2525,21.3397],[78.2545,21.3397],[78.2572,21.3408],[78.2622,21.3441],[78.2691,21.3459],[78.2708,21.35],[78.2722,21.3516],[78.2775,21.3522],[78.2867,21.3504],[78.2975,21.3555],[78.3071,21.3573],[78.3088,21.3619],[78.3167,21.3668],[78.3222,21.3688],[78.3273,21.3684],[78.3299,21.3721],[78.3367,21.3738],[78.3385,21.3749],[78.343,21.38],[78.3447,21.3853],[78.3464,21.385],[78.3468,21.3842],[78.3463,21.3807],[78.3471,21.3799],[78.3484,21.3801],[78.3499,21.3819],[78.3543,21.3801],[78.3583,21.3829],[78.3624,21.3827],[78.3645,21.385],[78.3648,21.388],[78.3632,21.3906],[78.3634,21.3922],[78.3648,21.3932],[78.3668,21.3934],[78.3713,21.3957],[78.3742,21.3951],[78.3754,21.3939],[78.3764,21.3898],[78.3802,21.3876],[78.3821,21.3869],[78.3838,21.3878],[78.3865,21.3907],[78.3891,21.3914],[78.3901,21.3909],[78.3923,21.3873],[78.395,21.3851],[78.4009,21.3839],[78.4069,21.3817],[78.4082,21.3819],[78.4077,21.3837],[78.4062,21.3843],[78.4059,21.3853],[78.4068,21.3877],[78.4104,21.3892],[78.4121,21.3876],[78.4132,21.3875],[78.4158,21.3897],[78.4174,21.3896],[78.4196,21.391],[78.4207,21.3932],[78.4205,21.3942],[78.4169,21.3929],[78.4159,21.3936],[78.4191,21.3956],[78.4208,21.3994],[78.4224,21.3989],[78.4226,21.3971],[78.4239,21.3969],[78.4312,21.4],[78.4323,21.4014],[78.4351,21.4011],[78.4385,21.4022],[78.4407,21.4007],[78.4438,21.4023],[78.4476,21.4028],[78.4486,21.4059],[78.4492,21.4106],[78.4481,21.4129],[78.4453,21.4131],[78.4437,21.4162],[78.4447,21.4214],[78.4418,21.4221],[78.4421,21.4275],[78.4414,21.4355],[78.4385,21.4398],[78.4389,21.4415],[78.4421,21.4431],[78.4428,21.4442],[78.4428,21.4465],[78.4406,21.4482],[78.4413,21.4524],[78.4387,21.4565],[78.4385,21.4591],[78.4401,21.4628],[78.4365,21.4659],[78.4364,21.4673],[78.4385,21.471],[78.4282,21.4758],[78.4296,21.4829],[78.4289,21.4859],[78.4331,21.4912],[78.4328,21.4927],[78.4302,21.4957],[78.4303,21.4972],[78.4318,21.4984],[78.4365,21.4995],[78.4395,21.5023],[78.4445,21.5017],[78.4481,21.5],[78.4497,21.4955],[78.4514,21.4966],[78.453,21.4968],[78.4571,21.4961],[78.4593,21.4989],[78.4607,21.5035],[78.4622,21.5038],[78.4642,21.5037],[78.4655,21.5022],[78.4697,21.5009],[78.4752,21.501],[78.476,21.503],[78.4754,21.5048],[78.4757,21.5057],[78.4833,21.5053],[78.4841,21.5061],[78.4869,21.5055],[78.4869,21.5078],[78.4909,21.511],[78.4912,21.5129],[78.4934,21.5144],[78.495,21.5173],[78.5006,21.5171],[78.5047,21.5268],[78.5068,21.5257],[78.5093,21.526],[78.5104,21.5265],[78.5116,21.5287],[78.5158,21.5272],[78.5228,21.5263],[78.5308,21.5233],[78.5407,21.5237],[78.5497,21.5183],[78.5507,21.519],[78.5514,21.5181],[78.556,21.5176],[78.5565,21.5156],[78.558,21.5154],[78.56,21.5133],[78.5629,21.5129],[78.5701,21.5143],[78.567,21.5097],[78.5679,21.5058],[78.5731,21.5016],[78.5717,21.4989],[78.5764,21.4979],[78.5784,21.4948],[78.5825,21.4923],[78.5818,21.49],[78.5841,21.4901],[78.5843,21.4876],[78.5853,21.4867],[78.5914,21.4874],[78.5948,21.4885],[78.5962,21.4881],[78.599,21.4857],[78.601,21.4854],[78.603,21.4881],[78.6088,21.4891],[78.6121,21.486],[78.6192,21.4816],[78.62,21.4783],[78.6252,21.4762],[78.6287,21.4757],[78.6349,21.4809],[78.6419,21.4852],[78.6434,21.4855],[78.6539,21.482],[78.656,21.4822],[78.6593,21.4814],[78.6671,21.4771],[78.6685,21.4775],[78.6709,21.4801],[78.6793,21.4803],[78.6889,21.482],[78.69,21.4811],[78.6901,21.4802],[78.6885,21.4779],[78.6933,21.4791],[78.6967,21.4775],[78.7017,21.4763],[78.6998,21.4738],[78.7038,21.4733],[78.7074,21.4739],[78.7076,21.4706],[78.7116,21.4699],[78.7203,21.4652],[78.7285,21.4623],[78.73,21.4627],[78.731,21.4638],[78.7334,21.4697],[78.7411,21.471],[78.7456,21.4702],[78.745,21.481],[78.747,21.4868],[78.7491,21.489],[78.7508,21.493],[78.7566,21.4902],[78.7669,21.489],[78.7666,21.4828],[78.7678,21.4818],[78.7683,21.4792],[78.769,21.4787],[78.7688,21.4775],[78.7716,21.4767],[78.7724,21.4739],[78.7719,21.4717],[78.774,21.47],[78.7761,21.4646],[78.7773,21.4686],[78.7788,21.4694],[78.7785,21.4723],[78.7793,21.474],[78.7788,21.4759],[78.78,21.4774],[78.7802,21.4789],[78.7866,21.4793],[78.787,21.4809],[78.7887,21.4809],[78.79,21.4864],[78.7931,21.4853],[78.796,21.4855],[78.7964,21.4864],[78.7981,21.4867],[78.7984,21.488],[78.7999,21.4884],[78.8003,21.4902],[78.8024,21.4894],[78.8046,21.4905],[78.8152,21.4906],[78.8156,21.4877],[78.8198,21.4873],[78.8242,21.4895],[78.8298,21.4902],[78.841,21.487],[78.8443,21.4874],[78.846,21.489],[78.8484,21.49],[78.8519,21.4897],[78.8562,21.4928],[78.8554,21.4941],[78.8559,21.4946],[78.8633,21.4927],[78.868,21.4941],[78.8676,21.4913],[78.8715,21.4897],[78.8729,21.4903],[78.873,21.4892],[78.8793,21.4876],[78.8814,21.4864],[78.8908,21.4853],[78.8919,21.4865],[78.8952,21.4983],[78.8993,21.5005],[78.91,21.4961],[78.9174,21.4922],[78.9194,21.4893],[78.9231,21.4874],[78.9367,21.4858],[78.9392,21.4935],[78.9392,21.5018],[78.9403,21.5079],[78.9413,21.5113],[78.9429,21.5124],[78.9447,21.5127],[78.9444,21.5159],[78.9395,21.5203],[78.9354,21.5228],[78.9318,21.5237],[78.9274,21.5222],[78.927,21.5239],[78.9274,21.5289],[78.9259,21.5327],[78.9299,21.5404],[78.9256,21.5408],[78.923,21.5438],[78.9186,21.5471],[78.9125,21.5489],[78.9134,21.5508],[78.9096,21.5527],[78.9068,21.5533],[78.9127,21.5553],[78.9145,21.5579],[78.9182,21.5611],[78.921,21.5612],[78.9279,21.5596],[78.9319,21.5618],[78.9319,21.5645],[78.9228,21.5687],[78.9184,21.5686],[78.9137,21.571],[78.9153,21.5772],[78.9146,21.5799],[78.915,21.583],[78.9163,21.5839],[78.9165,21.5849],[78.9163,21.5876],[78.9149,21.588],[78.9143,21.5889],[78.9157,21.5887],[78.9168,21.5909],[78.9277,21.5902],[78.9283,21.5916],[78.93,21.5928],[78.9435,21.592],[78.9453,21.593],[78.9474,21.5967],[78.952,21.5972],[78.9578,21.6007],[78.9607,21.6018],[78.9651,21.6049],[78.9666,21.6073],[78.9699,21.6105],[78.9743,21.6128],[78.9755,21.6176],[78.9871,21.616],[78.996,21.617],[78.998,21.6186],[78.9991,21.6174],[79.0001,21.6132],[79.0028,21.6093],[79.0029,21.6064],[79.0082,21.6037],[79.0124,21.5995],[79.016,21.6005],[79.0192,21.6026],[79.0248,21.6017],[79.0419,21.6047],[79.0446,21.603],[79.0477,21.6024],[79.0503,21.6025],[79.0529,21.6042],[79.0554,21.6015],[79.0583,21.6015],[79.0648,21.6021],[79.0727,21.6051],[79.0765,21.6054],[79.0885,21.604],[79.0897,21.5976],[79.094,21.5981],[79.0934,21.6016],[79.0952,21.6022],[79.0984,21.6012],[79.103,21.6015],[79.1035,21.6028],[79.1072,21.605],[79.1069,21.6072],[79.1041,21.6074],[79.1021,21.6092],[79.1005,21.6176],[79.1121,21.6239],[79.1186,21.6238],[79.1229,21.6249],[79.1239,21.6266],[79.1303,21.6258],[79.1345,21.6332],[79.1433,21.637],[79.1453,21.6467],[79.1474,21.6486],[79.1482,21.6509],[79.1479,21.6573],[79.1483,21.6612],[79.1517,21.66],[79.1576,21.6603],[79.1633,21.6587],[79.209,21.6501],[79.224,21.6488],[79.2236,21.6501],[79.2241,21.6554],[79.2247,21.6559],[79.2303,21.6557],[79.2313,21.657],[79.2312,21.6703],[79.2291,21.674],[79.2229,21.676],[79.2218,21.677],[79.2209,21.6821],[79.2209,21.6929],[79.2244,21.7003],[79.2268,21.7037],[79.2339,21.7086],[79.2369,21.7121],[79.2374,21.7143],[79.2366,21.7163],[79.2344,21.718],[79.2309,21.7188],[79.2312,21.721],[79.2306,21.7222]]]}},{"type":"Feature","properties":{"district":"Wardha"},"geometry":{"type":"Polygon","coordinates":[[[78.0958,21.3543],[78.0999,21.3547],[78.1015,21.3561],[78.1031,21.3565],[78.1101,21.3522],[78.1183,21.3496],[78.1236,21.347],[78.127,21.3464],[78.1311,21.3467],[78.1414,21.3428],[78.1485,21.3432],[78.1497,21.3424],[78.1514,21.34],[78.1511,21.335],[78.1515,21.3334],[78.1558,21.3316],[78.1622,21.3313],[78.1687,21.3323],[78.1726,21.3316],[78.177,21.3331],[78.1834,21.3332],[78.189,21.3329],[78.197,21.3313],[78.203,21.3329],[78.2114,21.3338],[78.2195,21.3323],[78.2321,21.3274],[78.235,21.3277],[78.2398,21.3299],[78.2466,21.3297],[78.2496,21.3312],[78.2527,21.3264],[78.2539,21.3255],[78.2549,21.3258],[78.2554,21.3268],[78.2557,21.3298],[78.2573,21.33],[78.2596,21.3282],[78.2642,21.3229],[78.2668,21.3227],[78.2678,21.3216],[78.2699,21.3151],[78.2751,21.3111],[78.2774,21.3065],[78.2857,21.3023],[78.288,21.2999],[78.2893,21.297],[78.2942,21.2931],[78.2977,21.2927],[78.3076,21.2935],[78.3087,21.295],[78.31,21.2951],[78.3127,21.2946],[78.312,21.2915],[78.3092,21.2863],[78.3032,21.2795],[78.3028,21.2776],[78.3034,21.2755],[78.3066,21.2712],[78.3109,21.2681],[78.3142,21.2692],[78.321,21.2732],[78.3243,21.2732],[78.3278,21.2713],[78.3294,21.2694],[78.3294,21.2679],[78.3244,21.2629],[78.3246,21.2558],[78.3283,21.252],[78.3314,21.25],[78.3376,21.2504],[78.3401,21.2526],[78.3421,21.2532],[78.352,21.2522],[78.3584,21.2527],[78.3622,21.2493],[78.3675,21.2468],[78.3721,21.2432],[78.3754,21.242],[78.3825,21.2431],[78.3963,21.2412],[78.3964,21.2403],[78.4007,21.2395],[78.4119,21.2392],[78.4135,21.2326],[78.4166,21.229],[78.4194,21.2278],[78.4301,21.226],[78.4407,21.2347],[78.4426,21.2357],[78.4453,21.236],[78.4469,21.2344],[78.4503,21.2288],[78.4522,21.2279],[78.4549,21.225],[78.4591,21.224],[78.4632,21.224],[78.4638,21.2213],[78.4661,21.2196],[78.4695,21.2189],[78.4704,21.216],[78.4723,21.216],[78.475,21.219],[78.4771,21.2197],[78.4772,21.2172],[78.4788,21.215],[78.4784,21.213],[78.4856,21.2103],[78.4865,21.2086],[78.4862,21.2072],[78.4912,21.2025],[78.4917,21.2006],[78.4949,21.197],[78.498,21.1952],[78.502,21.1908],[78.503,21.1872],[78.5057,21.1863],[78.5099,21.1869],[78.5106,21.1827],[78.5138,21.1792],[78.5154,21.1785],[78.5198,21.1744],[78.5205,21.1715],[78.5203,21.1687],[78.519,21.1658],[78.5185,21.1628],[78.5217,21.1586],[78.5231,21.1552],[78.5242,21.1546],[78.5234,21.1522],[78.5248,21.1516],[78.5259,21.152],[78.5281,21.1509],[78.5277,21.1478],[78.5296,21.1458],[78.5289,21.1445],[78.5302,21.1427],[78.5303,21.1403],[78.5387,21.1365],[78.5403,21.1368],[78.5451,21.1327],[78.5455,21.1309],[78.5464,21.1306],[78.5463,21.1285],[78.5469,21.1277],[78.5486,21.1266],[78.5528,21.1258],[78.5527,21.119],[78.555,21.1168],[78.557,21.116],[78.5666,21.1148],[78.5727,21.115],[78.5741,21.1141],[78.5779,21.1142],[78.5805,21.1157],[78.5847,21.1166],[78.5856,21.1156],[78.5882,21.1149],[78.5881,21.1115],[78.5895,21.1114],[78.5902,21.1096],[78.5993,21.1081],[78.5993,21.1058],[78.5974,21.1059],[78.5968,21.1038],[78.5954,21.1026],[78.5945,21.0976],[78.598,21.0965],[78.5972,21.0896],[78.6001,21.0889],[78.6067,21.0892],[78.6106,21.0884],[78.61,21.0793],[78.6074,21.074],[78.607,21.0696],[78.6116,21.0702],[78.6121,21.069],[78.615,21.0686],[78.6151,21.0655],[78.6176,21.0654],[78.6185,21.0667],[78.6214,21.0681],[78.6266,21.0665],[78.6293,21.0594],[78.6293,21.0577],[78.6435,21.0584],[78.6452,21.0549],[78.6489,21.0535],[78.6496,21.0519],[78.6506,21.0449],[78.6492,21.0356],[78.6559,21.0332],[78.6614,21.0345],[78.6661,21.0335],[78.6733,21.0346],[78.6741,21.0364],[78.6756,21.0361],[78.6762,21.0357],[78.6759,21.0337],[78.6765,21.0327],[78.6789,21.0337],[78.6792,21.0333],[78.678,21.0301],[78.6827,21.0295],[78.6843,21.0237],[78.6863,21.0209],[78.6875,21.0211],[78.689,21.0193],[78.6922,21.0178],[78.697,21.017],[78.7073,21.0135],[78.7104,21.014],[78.7121,21.0085],[78.7143,21.0067],[78.716,21.0041],[78.7179,21.0044],[78.7192,21.0056],[78.7203,21.0055],[78.7226,21.0044],[78.7238,21.0027],[78.7252,21.0025],[78.7258,21.0033],[78.7254,21.0044],[78.7266,21.0042],[78.7268,21.0005],[78.7291,20.997],[78.7294,20.9946],[78.7287,20.9935],[78.7249,20.9923],[78.7238,20.9885],[78.7237,20.986],[78.7247,20.9852],[78.7244,20.9842],[78.7253,20.9842],[78.7254,20.983],[78.7234,20.9794],[78.7245,20.9783],[78.7258,20.9734],[78.7244,20.9688],[78.7301,20.9633],[78.7318,20.9596],[78.7309,20.9581],[78.7318,20.9561],[78.7324,20.9481],[78.7337,20.9469],[78.7332,20.9463],[78.7367,20.9463],[78.7371,20.9453],[78.7422,20.9438],[78.7447,20.9447],[78.7485,20.9446],[78.7396,20.9396],[78.7429,20.9362],[78.7424,20.9345],[78.7453,20.9336],[78.7484,20.9306],[78.7528,20.9234],[78.7577,20.9209],[78.7596,20.9214],[78.7613,20.9202],[78.7624,20.9208],[78.7665,20.9204],[78.7672,20.9181],[78.769,20.9174],[78.7686,20.9154],[78.7696,20.9122],[78.7756,20.9132],[78.781,20.9121],[78.7823,20.9112],[78.7828,20.9106],[78.779,20.9108],[78.7751,20.9094],[78.7741,20.908],[78.773,20.9041],[78.7856,20.8901],[78.8054,20.8865],[78.8172,20.8807],[78.8208,20.8881],[78.8246,20.8929],[78.8286,20.8946],[78.8301,20.8948],[78.8381,20.8928],[78.84,20.8929],[78.8398,20.8924],[78.8419,20.8906],[78.848,20.8867],[78.851,20.8862],[78.8474,20.8786],[78.8549,20.8768],[78.86,20.8745],[78.861,20.8698],[78.8586,20.8668],[78.8578,20.8624],[78.8577,20.8549],[78.8584,20.8548],[78.8585,20.8527],[78.8597,20.8524],[78.8595,20.8495],[78.86,20.8496],[78.8606,20.8416],[78.862,20.8408],[78.864,20.841],[78.8657,20.84],[78.8675,20.8358],[78.8677,20.8335],[78.8719,20.8305],[78.874,20.8299],[78.8756,20.8303],[78.878,20.8298],[78.8787,20.8323],[78.8816,20.8355],[78.8822,20.8393],[78.8835,20.8413],[78.8836,20.8436],[78.8909,20.843],[78.8995,20.8414],[78.9078,20.8389],[78.9075,20.8379],[78.9097,20.8369],[78.9097,20.8361],[78.9111,20.8365],[78.9129,20.836],[78.9127,20.8338],[78.9133,20.8327],[78.9124,20.8305],[78.9135,20.8303],[78.9131,20.8284],[78.9124,20.8284],[78.9119,20.8224],[78.9126,20.8224],[78.9127,20.8196],[78.9168,20.8195],[78.9152,20.8124],[78.9142,20.8126],[78.9138,20.8099],[78.9122,20.8098],[78.9119,20.8085],[78.9161,20.8069],[78.9156,20.8054],[78.9176,20.8053],[78.923,20.802],[78.924,20.7997],[78.9248,20.7996],[78.9244,20.7981],[78.9322,20.797],[78.9355,20.7976],[78.9374,20.797],[78.937,20.7963],[78.9382,20.7957],[78.9454,20.7937],[78.9455,20.7886],[78.9445,20.7821],[78.942,20.782],[78.9409,20.7813],[78.941,20.7798],[78.9417,20.7793],[78.9409,20.7767],[78.9407,20.7708],[78.9409,20.7697],[78.9423,20.7686],[78.9424,20.7667],[78.9461,20.7682],[78.953,20.7682],[78.953,20.7677],[78.9545,20.7674],[78.9543,20.7662],[78.957,20.7653],[78.957,20.7639],[78.9593,20.7623],[78.9587,20.76],[78.965,20.759],[78.9748,20.7552],[78.9866,20.7536],[78.9943,20.7545],[78.9942,20.7551],[78.9952,20.7551],[78.9951,20.756],[78.9961,20.756],[78.9968,20.7545],[78.9962,20.7545],[78.9974,20.7448],[79.0001,20.7458],[79.0054,20.7462],[79.0117,20.7478],[79.0113,20.7459],[79.0126,20.7457],[79.0135,20.7446],[79.0159,20.7443],[79.0156,20.7398],[79.0193,20.739],[79.0247,20.7392],[79.027,20.738],[79.0276,20.739],[79.0347,20.7381],[79.0349,20.7398],[79.0356,20.7397],[79.0363,20.7417],[79.0373,20.7412],[79.0373,20.7404],[79.0378,20.7409],[79.0407,20.7395],[79.0408,20.7383],[79.0421,20.7379],[79.048,20.7371],[79.0482,20.7381],[79.0503,20.7377],[79.05,20.7334],[79.0518,20.7292],[79.0555,20.7293],[79.055,20.7275],[79.0725,20.7267],[79.073,20.7192],[79.0765,20.7185],[79.0823,20.7163],[79.0836,20.7172],[79.0858,20.7168],[79.088,20.7155],[79.0887,20.7122],[79.09,20.7112],[79.0935,20.7121],[79.0967,20.7121],[79.0979,20.713],[79.098,20.714],[79.1,20.7144],[79.1012,20.7159],[79.1034,20.7157],[79.1039,20.7115],[79.105,20.7104],[79.1068,20.7055],[79.1091,20.7023],[79.1092,20.7002],[79.1081,20.7002],[79.1064,20.6965],[79.1066,20.6943],[79.1053,20.6926],[79.1059,20.6904],[79.1048,20.6894],[79.1052,20.6879],[79.1114,20.6883],[79.1121,20.6866],[79.1142,20.6847],[79.1201,20.6831],[79.1208,20.6842],[79.1234,20.6839],[79.1254,20.6818],[79.1277,20.6808],[79.134,20.6796],[79.1428,20.6791],[79.1425,20.6736],[79.143,20.6713],[79.1442,20.6716],[79.1445,20.669],[79.1437,20.6636],[79.1483,20.6612],[79.1474,20.6536],[79.1485,20.6525],[79.15,20.6521],[79.1577,20.6517],[79.1674,20.6477],[79.1707,20.6456],[79.1693,20.6413],[79.1701,20.6353],[79.1686,20.627],[79.1719,20.6257],[79.1742,20.6218],[79.1773,20.6208],[79.1792,20.6191],[79.1805,20.6192],[79.1822,20.621],[79.184,20.6213],[79.1837,20.6146],[79.1866,20.6144],[79.1866,20.6132],[79.1858,20.6119],[79.1859,20.6089],[79.1876,20.6077],[79.1877,20.6011],[79.1889,20.5992],[79.1912,20.5997],[79.1918,20.6023],[79.1926,20.6027],[79.2052,20.6014],[79.2082,20.6001],[79.2092,20.5983],[79.211,20.5983],[79.2107,20.596],[79.2133,20.5947],[79.2153,20.5924],[79.217,20.5913],[79.2198,20.5907],[79.2209,20.5872],[79.2205,20.5838],[79.2207,20.5831],[79.2212,20.5834],[79.221,20.5813],[79.2224,20.5731],[79.2214,20.5673],[79.2173,20.561],[79.2176,20.5526],[79.2138,20.5501],[79.2136,20.5476],[79.2095,20.5465],[79.2082,20.5446],[79.2019,20.5439],[79.199,20.5427],[79.1967,20.5401],[79.195,20.5398],[79.1942,20.5391],[79.19,20.5341],[79.1869,20.5277],[79.1846,20.5258],[79.1849,20.525],[79.1837,20.5226],[79.1829,20.5147],[79.181,20.5124],[79.1765,20.5149],[79.1746,20.5153],[79.1721,20.5154],[79.1698,20.5143],[79.1696,20.5116],[79.1687,20.5117],[79.168,20.508],[79.166,20.4927],[79.1632,20.4893],[79.1618,20.4892],[79.1613,20.4874],[79.1602,20.4876],[79.1589,20.4799],[79.1578,20.4781],[79.1569,20.4793],[79.1534,20.4813],[79.1526,20.4827],[79.1494,20.4833],[79.1488,20.4828],[79.1398,20.4822],[79.1386,20.4721],[79.1375,20.4687],[79.136,20.4687],[79.1351,20.4668],[79.1349,20.4642],[79.1329,20.4643],[79.1331,20.4582],[79.1325,20.4571],[79.127,20.4558],[79.1239,20.4533],[79.1197,20.4513],[79.1189,20.451],[79.1162,20.4527],[79.1133,20.4555],[79.1046,20.4567],[79.1046,20.4575],[79.1017,20.4576],[79.1013,20.4616],[79.0962,20.4639],[79.0932,20.4643],[79.0901,20.4635],[79.0866,20.4639],[79.0786,20.4659],[79.0747,20.4661],[79.0708,20.4683],[79.0658,20.4681],[79.062,20.4691],[79.0585,20.4688],[79.0519,20.4665],[79.0515,20.4685],[79.0472,20.4696],[79.0478,20.475],[79.0438,20.4759],[79.0435,20.478],[79.0406,20.4772],[79.0371,20.4775],[79.037,20.4787],[79.0354,20.479],[79.0354,20.4806],[79.0229,20.4833],[79.0206,20.4775],[79.0155,20.475],[79.0153,20.4715],[79.0111,20.4675],[79.0096,20.4651],[79.0078,20.4575],[79.0065,20.4551],[79.0048,20.456],[79.0017,20.4535],[79.0004,20.4508],[78.9972,20.4546],[78.997,20.4566],[78.9948,20.4581],[78.9946,20.4596],[78.9874,20.4657],[78.9866,20.4609],[78.9835,20.4613],[78.983,20.4596],[78.9815,20.4598],[78.9816,20.4588],[78.9751,20.4591],[78.9669,20.4605],[78.9664,20.4573],[78.9671,20.4499],[78.9657,20.4459],[78.9633,20.4424],[78.9612,20.4371],[78.9556,20.4345],[78.9532,20.4301],[78.9532,20.4288],[78.9521,20.4287],[78.9476,20.4307],[78.9456,20.4304],[78.9449,20.4279],[78.9424,20.4288],[78.9344,20.4286],[78.9305,20.431],[78.927,20.4312],[78.9251,20.4304],[78.9211,20.4323],[78.9096,20.4316],[78.9027,20.4349],[78.9008,20.4373],[78.8988,20.4376],[78.8942,20.436],[78.8902,20.4318],[78.8865,20.4302],[78.8848,20.4278],[78.8784,20.4273],[78.8663,20.4248],[78.8631,20.4218],[78.8578,20.4221],[78.8577,20.4212],[78.8571,20.4211],[78.8545,20.4222],[78.8533,20.424],[78.8544,20.427],[78.8508,20.428],[78.8479,20.4319],[78.8447,20.4342],[78.8423,20.4343],[78.8388,20.4277],[78.8341,20.4272],[78.8342,20.4256],[78.8399,20.4225],[78.8416,20.4222],[78.8438,20.4204],[78.8433,20.4195],[78.8453,20.4179],[78.852,20.4154],[78.8466,20.4085],[78.8434,20.4065],[78.8357,20.4049],[78.8289,20.4056],[78.8255,20.4041],[78.822,20.4053],[78.8198,20.4015],[78.8194,20.4027],[78.8186,20.403],[78.8169,20.3961],[78.8175,20.3915],[78.8164,20.3914],[78.8183,20.388],[78.8192,20.3849],[78.8204,20.3715],[78.8221,20.3675],[78.8258,20.3629],[78.8254,20.3603],[78.8198,20.351],[78.8199,20.3501],[78.8222,20.3465],[78.8306,20.3363],[78.8317,20.3331],[78.832,20.3297],[78.8315,20.3237],[78.8305,20.3215],[78.829,20.3198],[78.825,20.3174],[78.8171,20.3158],[78.8053,20.3103],[78.8026,20.3068],[78.7988,20.2996],[78.7935,20.2992],[78.7887,20.2974],[78.7792,20.3004],[78.7762,20.3007],[78.7714,20.2973],[78.7665,20.2951],[78.7621,20.2945],[78.7582,20.2948],[78.7524,20.2973],[78.7494,20.2979],[78.746,20.2977],[78.7432,20.2961],[78.7413,20.2942],[78.7383,20.2938],[78.7351,20.2947],[78.7331,20.2977],[78.731,20.3047],[78.7291,20.3067],[78.722,20.3074],[78.7155,20.3106],[78.7077,20.3111],[78.7061,20.3122],[78.7061,20.3151],[78.7084,20.3208],[78.7075,20.3265],[78.7078,20.329],[78.7102,20.3374],[78.7103,20.3406],[78.7083,20.3498],[78.7071,20.3514],[78.7037,20.3539],[78.6945,20.3565],[78.6906,20.358],[78.6893,20.3592],[78.6885,20.3611],[78.6897,20.3686],[78.6886,20.3707],[78.6829,20.3762],[78.6781,20.3835],[78.6632,20.396],[78.6614,20.4005],[78.6591,20.4119],[78.655,20.4157],[78.6483,20.4182],[78.6455,20.4202],[78.6437,20.4245],[78.6464,20.4288],[78.6482,20.429],[78.6483,20.4345],[78.6473,20.4353],[78.6403,20.4367],[78.6342,20.4366],[78.6274,20.4353],[78.6193,20.4356],[78.6167,20.4366],[78.6147,20.4399],[78.6144,20.4434],[78.612,20.4449],[78.6103,20.4443],[78.6089,20.4426],[78.6081,20.4398],[78.6096,20.4348],[78.6094,20.4337],[78.6089,20.4328],[78.6062,20.4316],[78.5952,20.432],[78.5877,20.4336],[78.5802,20.4331],[78.5638,20.4396],[78.561,20.4421],[78.559,20.4471],[78.5553,20.4513],[78.5534,20.4525],[78.5461,20.4543],[78.5452,20.4551],[78.5443,20.4581],[78.5357,20.4663],[78.5342,20.4691],[78.5346,20.4737],[78.536,20.4781],[78.5352,20.4806],[78.533,20.4838],[78.528,20.4857],[78.5262,20.4881],[78.5214,20.4921],[78.5206,20.4945],[78.5217,20.4996],[78.5214,20.5012],[78.5178,20.5063],[78.5176,20.5087],[78.5162,20.5127],[78.5122,20.5141],[78.509,20.517],[78.5085,20.5232],[78.5053,20.5235],[78.5016,20.5226],[78.495,20.5224],[78.4849,20.5285],[78.4741,20.5282],[78.4701,20.5272],[78.466,20.5222],[78.4563,20.5164],[78.4531,20.5157],[78.4504,20.5129],[78.4422,20.5139],[78.4372,20.5182],[78.4336,20.5195],[78.4308,20.5188],[78.4203,20.5135],[78.4164,20.5125],[78.4099,20.5119],[78.4046,20.5132],[78.3954,20.5182],[78.3884,20.5189],[78.3851,20.5199],[78.3829,20.522],[78.3822,20.5258],[78.3802,20.5285],[78.3766,20.5305],[78.3679,20.5338],[78.3651,20.5345],[78.3636,20.5335],[78.3602,20.5289],[78.3587,20.5284],[78.3556,20.529],[78.3511,20.5313],[78.3491,20.533],[78.3467,20.538],[78.3455,20.539],[78.342,20.5414],[78.3334,20.5454],[78.3258,20.547],[78.3223,20.5492],[78.3185,20.5501],[78.3131,20.5504],[78.3081,20.552],[78.3055,20.5536],[78.298,20.5556],[78.2964,20.5566],[78.2948,20.5599],[78.2937,20.5607],[78.292,20.561],[78.2848,20.5591],[78.28,20.5602],[78.2751,20.5653],[78.2752,20.5689],[78.2747,20.5706],[78.2633,20.5785],[78.2625,20.5876],[78.2568,20.5979],[78.2588,20.5998],[78.2595,20.6019],[78.2576,20.6073],[78.2533,20.6116],[78.2517,20.6149],[78.252,20.6282],[78.2533,20.6351],[78.2497,20.6418],[78.2487,20.6455],[78.2511,20.6489],[78.2583,20.6539],[78.2649,20.6599],[78.2702,20.6683],[78.2699,20.6701],[78.2679,20.6728],[78.2665,20.6764],[78.2669,20.6805],[78.2693,20.6835],[78.2766,20.6885],[78.2777,20.6932],[78.2768,20.6968],[78.2772,20.6986],[78.2789,20.7001],[78.2833,20.6998],[78.2849,20.7004],[78.2877,20.7074],[78.2897,20.7095],[78.293,20.7099],[78.2944,20.7083],[78.2942,20.7062],[78.2913,20.7032],[78.2938,20.6989],[78.2971,20.6991],[78.2998,20.7024],[78.3005,20.7048],[78.2991,20.7121],[78.2997,20.7151],[78.3004,20.7164],[78.3049,20.7193],[78.3066,20.7248],[78.3088,20.7292],[78.309,20.7333],[78.311,20.7355],[78.3117,20.738],[78.3106,20.7398],[78.3067,20.7417],[78.3054,20.7432],[78.3048,20.7453],[78.3051,20.7495],[78.3082,20.7544],[78.3085,20.7559],[78.306,20.7645],[78.3039,20.7668],[78.2937,20.7743],[78.2924,20.7769],[78.2925,20.7829],[78.2956,20.7931],[78.2935,20.8],[78.2977,20.8049],[78.2964,20.8097],[78.2972,20.8112],[78.2988,20.8125],[78.3044,20.812],[78.3098,20.8125],[78.3161,20.8171],[78.3172,20.8191],[78.3172,20.8204],[78.3157,20.8234],[78.3125,20.8274],[78.3129,20.8315],[78.3127,20.8328],[78.3118,20.8337],[78.3058,20.8346],[78.3045,20.834],[78.2985,20.8278],[78.2948,20.8268],[78.2924,20.8279],[78.2914,20.8297],[78.2915,20.8321],[78.2933,20.8368],[78.2928,20.8404],[78.29,20.8416],[78.2859,20.8404],[78.2838,20.8405],[78.2794,20.8434],[78.2772,20.8483],[78.2752,20.8557],[78.2755,20.8613],[78.2627,20.8715],[78.2614,20.8734],[78.2603,20.8774],[78.2581,20.8806],[78.2582,20.8851],[78.2575,20.8868],[78.252,20.8874],[78.2477,20.8908],[78.2418,20.8934],[78.2332,20.8956],[78.2292,20.8982],[78.2232,20.8997],[78.2132,20.9086],[78.2116,20.9071],[78.2109,20.9025],[78.2085,20.9001],[78.1994,20.8993],[78.1944,20.901],[78.1903,20.901],[78.1829,20.9037],[78.1809,20.9055],[78.1791,20.9104],[78.174,20.9152],[78.1764,20.9228],[78.1753,20.9258],[78.1698,20.9297],[78.1693,20.9331],[78.1704,20.936],[78.1703,20.9381],[78.1682,20.9419],[78.1634,20.9453],[78.1565,20.9457],[78.1505,20.9492],[78.1456,20.9509],[78.1428,20.953],[78.1428,20.9561],[78.146,20.9594],[78.1487,20.9663],[78.1485,20.972],[78.1475,20.9785],[78.1483,20.9847],[78.147,20.9854],[78.1442,20.989],[78.1443,20.9918],[78.1452,20.992],[78.139,20.996],[78.1356,21.0012],[78.135,21.0103],[78.1439,21.0198],[78.1447,21.0235],[78.144,21.0291],[78.1412,21.0328],[78.1381,21.0348],[78.1362,21.0382],[78.1373,21.0398],[78.1386,21.0403],[78.1451,21.0407],[78.1497,21.0481],[78.1499,21.0518],[78.1468,21.0564],[78.1466,21.0578],[78.1473,21.0619],[78.1495,21.0654],[78.1505,21.0756],[78.1473,21.0854],[78.1467,21.0916],[78.1451,21.0958],[78.1456,21.1002],[78.1447,21.1033],[78.1438,21.1043],[78.1423,21.1047],[78.1343,21.1044],[78.1324,21.105],[78.1311,21.1064],[78.1283,21.1145],[78.1299,21.1183],[78.1344,21.1226],[78.1357,21.1251],[78.1374,21.1322],[78.1437,21.1377],[78.1435,21.1399],[78.1361,21.1442],[78.1317,21.1494],[78.1276,21.1506],[78.125,21.1541],[78.1222,21.1555],[78.1184,21.1564],[78.1139,21.1619],[78.1061,21.167],[78.098,21.1753],[78.0916,21.1795],[78.0914,21.1809],[78.0923,21.1825],[78.0973,21.1861],[78.0986,21.1888],[78.0968,21.1989],[78.0874,21.2102],[78.0826,21.2142],[78.0729,21.2189],[78.0708,21.2213],[78.0696,21.2252],[78.0698,21.2276],[78.0726,21.2297],[78.0734,21.231],[78.0718,21.2364],[78.0697,21.2391],[78.0673,21.24],[78.0601,21.2388],[78.0581,21.2396],[78.0563,21.2472],[78.0532,21.2525],[78.0522,21.2572],[78.0582,21.2659],[78.0589,21.2737],[78.0616,21.2775],[78.0654,21.2786],[78.0697,21.2787],[78.0734,21.276],[78.076,21.2765],[78.0805,21.2816],[78.0806,21.2851],[78.0796,21.2894],[78.0778,21.2919],[78.0749,21.2944],[78.0689,21.2984],[78.0687,21.3008],[78.0739,21.3119],[78.0755,21.3178],[78.0794,21.3273],[78.0795,21.3327],[78.079,21.3362],[78.0766,21.3443],[78.074,21.3498],[78.0736,21.3517],[78.0743,21.3538],[78.0763,21.3558],[78.0857,21.3593],[78.0905,21.3574],[78.0927,21.3555],[78.0958,21.3543]]]}},{"type":"Feature","properties":{"district":"Washim"},"geometry":{"type":"MultiPolygon","coordinates":[[[[77.5779,20.7269],[77.5908,20.7264],[77.5936,20.7229],[77.5983,20.72],[77.5982,20.7184],[77.6085,20.7175],[77.6127,20.7177],[77.6213,20.7167],[77.634,20.7129],[77.6351,20.7114],[77.6321,20.7094],[77.6314,20.7015],[77.6333,20.6986],[77.6348,20.6979],[77.6379,20.6944],[77.6368,20.6852],[77.6321,20.6715],[77.6362,20.67],[77.6352,20.6592],[77.6347,20.6582],[77.6453,20.6597],[77.6476,20.6615],[77.654,20.6619],[77.6548,20.6594],[77.6505,20.6531],[77.6483,20.6487],[77.6597,20.6462],[77.6586,20.6365],[77.6573,20.6345],[77.6558,20.634],[77.6541,20.6323],[77.6537,20.6266],[77.6529,20.6254],[77.6503,20.6255],[77.6481,20.622],[77.6464,20.6085],[77.6471,20.6047],[77.6449,20.6049],[77.6434,20.5987],[77.6382,20.5856],[77.6356,20.5819],[77.6344,20.5787],[77.6325,20.579],[77.6316,20.5747],[77.6281,20.5666],[77.6462,20.564],[77.6504,20.564],[77.6492,20.5539],[77.647,20.5452],[77.6437,20.5363],[77.6429,20.5317],[77.6536,20.5313],[77.6557,20.5338],[77.6688,20.54],[77.6767,20.5383],[77.6907,20.534],[77.6897,20.5241],[77.6857,20.5194],[77.6817,20.5204],[77.6733,20.5192],[77.6672,20.5171],[77.6649,20.5125],[77.6639,20.5084],[77.6643,20.506],[77.6622,20.5002],[77.6578,20.5002],[77.655,20.4977],[77.6534,20.4979],[77.6529,20.4952],[77.6558,20.4949],[77.654,20.4806],[77.6505,20.4762],[77.6484,20.4719],[77.6494,20.4661],[77.6492,20.4596],[77.6453,20.4552],[77.6429,20.4503],[77.6348,20.4525],[77.6327,20.455],[77.6297,20.4555],[77.627,20.4579],[77.6252,20.4586],[77.6218,20.4587],[77.6165,20.4607],[77.6136,20.461],[77.6124,20.4556],[77.6055,20.4559],[77.6035,20.4513],[77.5979,20.448],[77.5963,20.4482],[77.6016,20.4462],[77.6038,20.4418],[77.604,20.4369],[77.6037,20.4356],[77.6027,20.4359],[77.5931,20.4288],[77.5902,20.4292],[77.5923,20.4212],[77.5951,20.4196],[77.5961,20.4174],[77.5958,20.4123],[77.5939,20.4129],[77.5894,20.416],[77.5845,20.4174],[77.5814,20.4153],[77.5808,20.4136],[77.5813,20.4111],[77.5809,20.4078],[77.5766,20.4022],[77.5739,20.4007],[77.5741,20.399],[77.5719,20.3879],[77.5725,20.3834],[77.5757,20.3741],[77.5763,20.3728],[77.5789,20.3723],[77.5747,20.3658],[77.5687,20.36],[77.5695,20.3588],[77.5685,20.3579],[77.569,20.3526],[77.5674,20.3462],[77.5679,20.3394],[77.5675,20.3296],[77.5691,20.3287],[77.5707,20.3293],[77.5722,20.3288],[77.5752,20.3309],[77.579,20.3265],[77.5844,20.327],[77.5831,20.3228],[77.5833,20.3213],[77.5861,20.3115],[77.588,20.3088],[77.5879,20.3065],[77.5896,20.3065],[77.5926,20.3051],[77.5948,20.303],[77.5938,20.2991],[77.5946,20.2977],[77.5938,20.2924],[77.5948,20.2865],[77.5943,20.2807],[77.5974,20.2807],[77.5979,20.2821],[77.5985,20.282],[77.6103,20.2788],[77.6095,20.2717],[77.6103,20.2641],[77.6211,20.2621],[77.6335,20.2614],[77.6436,20.2506],[77.6576,20.2493],[77.6654,20.2474],[77.6659,20.2442],[77.6654,20.2415],[77.6591,20.2295],[77.6588,20.2266],[77.6527,20.2147],[77.6531,20.2127],[77.6522,20.2105],[77.6533,20.209],[77.6578,20.2073],[77.6558,20.2004],[77.6551,20.2005],[77.6549,20.1993],[77.6529,20.1974],[77.6514,20.1975],[77.65,20.1941],[77.6486,20.1937],[77.6466,20.1895],[77.6448,20.1881],[77.6442,20.1869],[77.6495,20.1857],[77.649,20.1752],[77.6523,20.1741],[77.6519,20.1722],[77.6526,20.1717],[77.6558,20.1725],[77.6597,20.1722],[77.6613,20.1738],[77.663,20.1736],[77.6682,20.1724],[77.6679,20.171],[77.6721,20.17],[77.6717,20.1687],[77.6746,20.1682],[77.6752,20.1671],[77.6762,20.1678],[77.6793,20.1673],[77.6795,20.1667],[77.6775,20.1614],[77.6779,20.1591],[77.6771,20.1549],[77.6765,20.1535],[77.6754,20.1534],[77.6738,20.1477],[77.6758,20.144],[77.682,20.1443],[77.6821,20.141],[77.6775,20.1306],[77.6703,20.1198],[77.6714,20.1152],[77.6712,20.1128],[77.6696,20.1086],[77.6699,20.1067],[77.6693,20.1061],[77.6689,20.1019],[77.6667,20.1004],[77.6664,20.0983],[77.665,20.0989],[77.6621,20.0983],[77.6597,20.0997],[77.6598,20.0961],[77.6567,20.0977],[77.6551,20.0855],[77.6553,20.08],[77.6544,20.0804],[77.6529,20.0784],[77.6513,20.0784],[77.6495,20.0769],[77.6416,20.0751],[77.6405,20.0737],[77.6409,20.0644],[77.6402,20.0607],[77.6372,20.0585],[77.6374,20.0547],[77.63,20.0453],[77.6271,20.0458],[77.6242,20.0415],[77.6192,20.0402],[77.6152,20.0404],[77.614,20.0374],[77.6115,20.0385],[77.6076,20.0359],[77.6038,20.0363],[77.601,20.0346],[77.5962,20.0378],[77.5956,20.0361],[77.5901,20.0321],[77.5846,20.0335],[77.5807,20.0288],[77.5754,20.0324],[77.5721,20.0358],[77.5704,20.0404],[77.5684,20.0428],[77.5658,20.0425],[77.5602,20.0483],[77.5549,20.0475],[77.5541,20.0522],[77.5523,20.0556],[77.5537,20.0571],[77.5516,20.0591],[77.5502,20.0655],[77.5438,20.067],[77.5401,20.0699],[77.5399,20.0718],[77.5366,20.0764],[77.5364,20.0797],[77.5303,20.085],[77.5263,20.0903],[77.5243,20.0955],[77.5248,20.0981],[77.5195,20.0935],[77.513,20.0914],[77.5087,20.089],[77.4987,20.0851],[77.4944,20.0788],[77.4856,20.0773],[77.4815,20.081],[77.4793,20.0844],[77.4767,20.0804],[77.4723,20.078],[77.4643,20.0695],[77.4595,20.0694],[77.4526,20.0704],[77.4461,20.0704],[77.4449,20.0708],[77.444,20.0723],[77.4421,20.0735],[77.4402,20.074],[77.4393,20.0731],[77.423,20.0773],[77.4212,20.0787],[77.4184,20.0784],[77.4162,20.0804],[77.4142,20.0807],[77.4116,20.0826],[77.4107,20.0822],[77.4079,20.0828],[77.4078,20.0837],[77.4057,20.083],[77.3886,20.0862],[77.3834,20.0865],[77.3766,20.0906],[77.3661,20.0982],[77.3648,20.0983],[77.3682,20.0941],[77.3692,20.0891],[77.3647,20.0823],[77.3607,20.0793],[77.3562,20.0773],[77.3538,20.0708],[77.3521,20.0704],[77.3532,20.0671],[77.3524,20.0643],[77.3537,20.0645],[77.3542,20.0633],[77.3537,20.0628],[77.3631,20.0562],[77.3684,20.0511],[77.3698,20.0489],[77.3726,20.0469],[77.3605,20.0262],[77.3579,20.0248],[77.3541,20.0202],[77.3555,20.0164],[77.3553,20.0141],[77.3539,20.0129],[77.3497,20.0137],[77.3492,20.0113],[77.3479,20.0098],[77.343,20.0081],[77.3408,20.0084],[77.3407,20.0072],[77.3415,20.0057],[77.341,20.004],[77.3408,20.0045],[77.3396,20.0029],[77.3373,19.997],[77.3372,19.9931],[77.3364,19.9904],[77.3372,19.9746],[77.3347,19.9735],[77.3317,19.9735],[77.3309,19.9749],[77.3246,19.9736],[77.3213,19.9651],[77.3219,19.9593],[77.3176,19.9625],[77.3038,19.9653],[77.3032,19.9533],[77.2991,19.9439],[77.2926,19.9398],[77.2878,19.9377],[77.2844,19.9371],[77.2849,19.9301],[77.2834,19.9164],[77.2836,19.9127],[77.2797,19.9178],[77.2738,19.9197],[77.2712,19.9196],[77.2691,19.9176],[77.2688,19.9101],[77.2696,19.9023],[77.2663,19.8976],[77.2637,19.8976],[77.2574,19.9015],[77.2558,19.9016],[77.2536,19.9001],[77.2501,19.8949],[77.2464,19.894],[77.2452,19.8925],[77.2417,19.8917],[77.2391,19.8897],[77.2365,19.8894],[77.2355,19.8907],[77.234,19.8948],[77.2339,19.8971],[77.2447,19.9042],[77.2456,19.9055],[77.2415,19.9098],[77.2389,19.9112],[77.238,19.9127],[77.2368,19.9276],[77.2371,19.9323],[77.2382,19.9345],[77.2353,19.9387],[77.2254,19.9372],[77.222,19.9373],[77.2164,19.9388],[77.2107,19.938],[77.207,19.9401],[77.2055,19.9421],[77.2037,19.9463],[77.2039,19.9486],[77.2065,19.9523],[77.2073,19.9553],[77.2083,19.9627],[77.2079,19.9662],[77.2084,19.969],[77.2097,19.9702],[77.2129,19.9706],[77.2149,19.9733],[77.2138,19.9762],[77.2109,19.98],[77.2039,19.9867],[77.2037,19.9896],[77.2029,19.9902],[77.199,19.9913],[77.1944,19.9888],[77.1933,19.9857],[77.1801,19.9811],[77.1779,19.9798],[77.1758,19.977],[77.173,19.9676],[77.1695,19.9645],[77.1658,19.9641],[77.1541,19.9659],[77.1468,19.96],[77.1418,19.9571],[77.1362,19.9527],[77.1352,19.9486],[77.1355,19.9439],[77.1336,19.9419],[77.1294,19.9413],[77.125,19.9424],[77.1207,19.9399],[77.1179,19.9394],[77.1141,19.9399],[77.1124,19.9394],[77.1082,19.9361],[77.1062,19.9342],[77.1048,19.9319],[77.1023,19.9315],[77.0971,19.9341],[77.0936,19.9345],[77.093,19.9352],[77.0931,19.9437],[77.0839,19.9533],[77.0826,19.9555],[77.0847,19.964],[77.0817,19.9666],[77.0736,19.97],[77.0708,19.9722],[77.0694,19.9757],[77.0704,19.9816],[77.0695,19.9824],[77.0637,19.984],[77.0628,19.9852],[77.0625,19.9918],[77.0616,19.9939],[77.0553,19.9968],[77.0471,19.9972],[77.0421,19.999],[77.0375,20.0047],[77.0367,20.0083],[77.0341,20.0093],[77.0255,20.0097],[77.0211,20.0038],[77.0197,20.0029],[77.0176,20.0019],[77.0125,20.0024],[77.0059,20.0069],[76.995,20.0176],[76.992,20.0168],[76.9921,20.0119],[76.9905,20.0057],[76.9891,20.0028],[76.9883,19.9981],[76.9724,19.9964],[76.9619,19.9873],[76.9555,19.9857],[76.9487,19.9857],[76.9438,19.9848],[76.943,19.9833],[76.9373,19.9812],[76.9338,19.9789],[76.9268,19.9776],[76.9223,19.9759],[76.9205,19.9737],[76.9127,19.9693],[76.9005,19.9643],[76.8996,19.9527],[76.8983,19.9531],[76.8954,19.9491],[76.8939,19.9492],[76.8923,19.9518],[76.889,19.9528],[76.8731,19.9543],[76.8727,19.9546],[76.8723,19.9583],[76.8674,19.9592],[76.8598,19.9615],[76.8373,19.9639],[76.8357,19.9626],[76.833,19.957],[76.8305,19.9474],[76.8214,19.9292],[76.8153,19.9299],[76.8053,19.9299],[76.7978,19.9315],[76.7972,19.9324],[76.7952,19.933],[76.7777,19.934],[76.7723,19.9358],[76.7714,19.9324],[76.7715,19.9248],[76.7707,19.9189],[76.7654,19.9044],[76.7614,19.9049],[76.7565,19.9081],[76.7472,19.9123],[76.7442,19.9042],[76.7425,19.9019],[76.7423,19.8986],[76.7437,19.8919],[76.7437,19.8856],[76.7403,19.8733],[76.7277,19.8713],[76.7213,19.8695],[76.7066,19.872],[76.7059,19.8732],[76.6986,19.8754],[76.6929,19.874],[76.693,19.8706],[76.6893,19.8638],[76.692,19.8596],[76.6885,19.8583],[76.6849,19.8503],[76.6812,19.847],[76.6789,19.8469],[76.6791,19.8474],[76.6743,19.8494],[76.6657,19.851],[76.6617,19.8532],[76.6549,19.8575],[76.6545,19.8601],[76.6498,19.8637],[76.6471,19.867],[76.6526,19.8736],[76.653,19.8788],[76.6588,19.8857],[76.6596,19.8923],[76.6544,19.9005],[76.6443,19.8994],[76.6332,19.8993],[76.6302,19.8948],[76.6286,19.894],[76.6279,19.8928],[76.6264,19.8923],[76.6243,19.8895],[76.6136,19.8925],[76.613,19.8933],[76.611,19.8931],[76.6104,19.8963],[76.6107,19.8998],[76.6128,19.9017],[76.6137,19.9067],[76.6131,19.9072],[76.613,19.9098],[76.6107,19.9181],[76.6081,19.9215],[76.6062,19.9225],[76.6057,19.9221],[76.6067,19.9248],[76.6102,19.9239],[76.6223,19.9231],[76.6284,19.9255],[76.6365,19.9337],[76.6369,19.9383],[76.6355,19.9436],[76.6356,19.9514],[76.6344,19.9536],[76.6345,19.9564],[76.6366,19.9595],[76.6415,19.9616],[76.6454,19.9649],[76.6591,19.9644],[76.6608,19.9766],[76.6607,19.9787],[76.6548,19.9813],[76.6495,19.9827],[76.6455,19.9847],[76.6516,19.9922],[76.6556,19.9993],[76.6584,20.0019],[76.6584,20.0218],[76.6613,20.0325],[76.6631,20.0476],[76.6556,20.0486],[76.6353,20.0496],[76.6352,20.0503],[76.6324,20.0497],[76.6278,20.0511],[76.624,20.0512],[76.6263,20.063],[76.6294,20.0747],[76.6305,20.0822],[76.6325,20.082],[76.6341,20.0807],[76.6325,20.0761],[76.6328,20.0744],[76.6355,20.0736],[76.6376,20.0717],[76.6462,20.0692],[76.6485,20.0696],[76.6494,20.0807],[76.6519,20.0914],[76.6582,20.0976],[76.6602,20.0972],[76.6578,20.1062],[76.6581,20.1135],[76.6627,20.1177],[76.6667,20.1194],[76.6689,20.1261],[76.682,20.123],[76.6921,20.1215],[76.6965,20.1217],[76.708,20.1227],[76.7163,20.1261],[76.7221,20.1272],[76.7322,20.125],[76.7438,20.1283],[76.7494,20.1283],[76.7574,20.1311],[76.7588,20.1329],[76.7602,20.1395],[76.7606,20.1434],[76.7599,20.1458],[76.7607,20.1484],[76.7622,20.1613],[76.7593,20.1616],[76.7531,20.1643],[76.7483,20.1654],[76.7503,20.1775],[76.7493,20.187],[76.7474,20.1874],[76.7469,20.1884],[76.7467,20.1931],[76.7452,20.1961],[76.7452,20.2022],[76.7468,20.2067],[76.7506,20.207],[76.7505,20.2086],[76.7524,20.2089],[76.7683,20.2094],[76.7735,20.2078],[76.7729,20.206],[76.7847,20.2032],[76.788,20.2046],[76.7892,20.2059],[76.7948,20.2183],[76.8015,20.221],[76.8109,20.2193],[76.8111,20.2222],[76.8126,20.2252],[76.8143,20.2281],[76.8213,20.2347],[76.8243,20.242],[76.8247,20.2492],[76.8235,20.2559],[76.8208,20.2614],[76.8256,20.2682],[76.8261,20.2697],[76.8259,20.2714],[76.8201,20.2799],[76.8233,20.2799],[76.8247,20.2809],[76.8298,20.2814],[76.8323,20.2828],[76.8328,20.2844],[76.8354,20.2877],[76.838,20.2891],[76.8382,20.2906],[76.8368,20.2943],[76.8378,20.2961],[76.8497,20.298],[76.8503,20.2976],[76.8522,20.3002],[76.8582,20.2994],[76.8621,20.2967],[76.8658,20.2906],[76.8654,20.2851],[76.8658,20.2821],[76.8687,20.2779],[76.8728,20.2752],[76.8802,20.2797],[76.8804,20.2825],[76.8821,20.285],[76.8804,20.2867],[76.8776,20.288],[76.8808,20.2942],[76.8933,20.3041],[76.9088,20.3131],[76.9024,20.3132],[76.895,20.3163],[76.8915,20.317],[76.8926,20.3183],[76.8917,20.3208],[76.8927,20.3225],[76.8935,20.3222],[76.8962,20.3288],[76.8967,20.3344],[76.9048,20.3445],[76.9099,20.3471],[76.9145,20.3506],[76.9167,20.3514],[76.9195,20.3596],[76.9232,20.359],[76.9247,20.3576],[76.9298,20.3558],[76.9306,20.3572],[76.932,20.357],[76.9316,20.3582],[76.9333,20.3668],[76.9362,20.3706],[76.9404,20.369],[76.9431,20.3654],[76.947,20.3647],[76.9491,20.3656],[76.9514,20.3649],[76.9533,20.3635],[76.955,20.3639],[76.9571,20.3635],[76.9594,20.3656],[76.9647,20.3676],[76.969,20.3678],[76.9726,20.3694],[76.978,20.3703],[76.978,20.3728],[76.9742,20.3762],[76.9736,20.3775],[76.9745,20.3804],[76.9767,20.3813],[76.981,20.3801],[76.9816,20.3814],[76.9811,20.3878],[76.9815,20.3884],[76.9863,20.3892],[76.9894,20.3945],[76.9905,20.3947],[76.9944,20.3931],[76.9953,20.3936],[76.9958,20.398],[76.9939,20.4016],[76.9918,20.4028],[76.991,20.4043],[76.9914,20.4062],[76.9931,20.4071],[76.9936,20.409],[76.9955,20.4091],[76.9977,20.4103],[77.0018,20.4114],[77.002,20.4128],[77.0035,20.4148],[77.0145,20.4127],[77.0132,20.4212],[77.0146,20.429],[77.0145,20.4304],[77.0137,20.4317],[77.0145,20.4343],[77.0183,20.4379],[77.0214,20.4432],[77.0224,20.4462],[77.022,20.4476],[77.0223,20.4499],[77.0273,20.4504],[77.0448,20.4497],[77.0573,20.4471],[77.059,20.4454],[77.0597,20.4394],[77.0498,20.4235],[77.0493,20.4218],[77.0471,20.4193],[77.0468,20.4158],[77.051,20.4074],[77.0498,20.4018],[77.0456,20.3934],[77.0453,20.3865],[77.0482,20.3864],[77.0625,20.3814],[77.0683,20.3829],[77.0678,20.3834],[77.0687,20.3853],[77.0727,20.3854],[77.0733,20.3865],[77.0781,20.3862],[77.0797,20.3867],[77.0811,20.389],[77.0812,20.3905],[77.0745,20.3936],[77.0731,20.4015],[77.0772,20.4156],[77.0786,20.4227],[77.0796,20.4239],[77.0852,20.4223],[77.0852,20.4194],[77.1029,20.4152],[77.1049,20.411],[77.1132,20.4116],[77.1159,20.408],[77.1202,20.4111],[77.1211,20.4028],[77.1273,20.399],[77.1304,20.3989],[77.1326,20.3952],[77.1319,20.3904],[77.1342,20.3903],[77.1355,20.3916],[77.1365,20.3914],[77.1378,20.3885],[77.1381,20.3851],[77.1421,20.3802],[77.144,20.3805],[77.1456,20.3864],[77.1503,20.39],[77.1521,20.3926],[77.1515,20.3991],[77.1598,20.3993],[77.1626,20.3986],[77.1695,20.3992],[77.1705,20.3996],[77.1706,20.4011],[77.1713,20.4012],[77.1743,20.4009],[77.175,20.4],[77.1804,20.3975],[77.1812,20.3975],[77.1816,20.3985],[77.1851,20.3984],[77.1895,20.4024],[77.1914,20.4023],[77.1951,20.4092],[77.197,20.4152],[77.1972,20.4222],[77.1972,20.4238],[77.1922,20.4241],[77.1909,20.4236],[77.1886,20.43],[77.1829,20.4317],[77.1823,20.4373],[77.1856,20.4474],[77.1898,20.4469],[77.1958,20.4491],[77.2017,20.4496],[77.2021,20.4486],[77.2064,20.448],[77.2095,20.445],[77.2125,20.4479],[77.216,20.4472],[77.222,20.4482],[77.2252,20.4474],[77.2257,20.4557],[77.2275,20.4623],[77.2282,20.4691],[77.2296,20.4734],[77.2328,20.4729],[77.2402,20.4737],[77.2468,20.4724],[77.2457,20.4671],[77.2463,20.4642],[77.2457,20.4603],[77.2468,20.4597],[77.2551,20.4578],[77.2663,20.4586],[77.2672,20.4485],[77.2713,20.4416],[77.2713,20.4384],[77.2734,20.4327],[77.2743,20.4316],[77.2778,20.4306],[77.2773,20.4275],[77.2777,20.4236],[77.2793,20.4228],[77.2818,20.4189],[77.2846,20.4183],[77.2858,20.4192],[77.2891,20.4189],[77.2938,20.4207],[77.296,20.4221],[77.2966,20.425],[77.2956,20.4286],[77.2961,20.4394],[77.298,20.4459],[77.3031,20.4461],[77.3073,20.4481],[77.3097,20.4479],[77.3111,20.449],[77.314,20.4497],[77.3138,20.4523],[77.3157,20.4521],[77.3181,20.4506],[77.3255,20.4503],[77.3246,20.4521],[77.3262,20.4587],[77.3255,20.4627],[77.3263,20.4648],[77.3298,20.4686],[77.3324,20.4701],[77.3332,20.4726],[77.3434,20.4716],[77.3438,20.4775],[77.3445,20.4781],[77.3437,20.4799],[77.3441,20.4805],[77.3392,20.4838],[77.3248,20.487],[77.3271,20.4936],[77.3275,20.498],[77.3404,20.4964],[77.3516,20.4973],[77.3623,20.4971],[77.3629,20.4975],[77.368,20.4965],[77.3699,20.4957],[77.37,20.4929],[77.3693,20.4927],[77.3693,20.4919],[77.3702,20.4876],[77.3679,20.48],[77.3702,20.481],[77.3816,20.4831],[77.3832,20.4869],[77.3841,20.4955],[77.3872,20.4976],[77.389,20.5017],[77.3957,20.5254],[77.3874,20.5256],[77.3865,20.5251],[77.3818,20.5245],[77.3737,20.5247],[77.3683,20.5255],[77.3671,20.5194],[77.3644,20.5182],[77.3487,20.5215],[77.3363,20.5258],[77.3371,20.5375],[77.3406,20.5446],[77.3412,20.5474],[77.3354,20.5486],[77.3381,20.5714],[77.3394,20.5753],[77.3499,20.5699],[77.3553,20.5684],[77.3621,20.5676],[77.3657,20.5778],[77.3664,20.5812],[77.3657,20.5834],[77.3763,20.5816],[77.3848,20.5818],[77.3936,20.5809],[77.3937,20.5802],[77.3957,20.5798],[77.3978,20.5843],[77.3994,20.5853],[77.4045,20.5869],[77.4093,20.5871],[77.4099,20.5945],[77.413,20.594],[77.4144,20.602],[77.4142,20.6038],[77.4109,20.6069],[77.4241,20.61],[77.431,20.6123],[77.436,20.6122],[77.4425,20.6105],[77.4534,20.6108],[77.4598,20.6097],[77.4618,20.6102],[77.4619,20.6109],[77.4671,20.6109],[77.4661,20.6182],[77.4597,20.6192],[77.4593,20.6216],[77.46,20.624],[77.4581,20.6282],[77.4565,20.6282],[77.4542,20.6266],[77.4505,20.6297],[77.4518,20.6382],[77.4453,20.6393],[77.4438,20.6415],[77.4426,20.6423],[77.4386,20.6425],[77.4391,20.6497],[77.4384,20.6532],[77.4326,20.6575],[77.4303,20.6606],[77.4309,20.6623],[77.4406,20.6603],[77.4526,20.6569],[77.4538,20.6647],[77.4576,20.6647],[77.4614,20.6659],[77.4636,20.6602],[77.4691,20.6581],[77.4692,20.6569],[77.4786,20.6551],[77.4832,20.6571],[77.4847,20.6571],[77.4857,20.6623],[77.4838,20.6632],[77.481,20.6821],[77.484,20.6817],[77.4931,20.6829],[77.4939,20.681],[77.5009,20.6749],[77.5013,20.6719],[77.503,20.6716],[77.504,20.6649],[77.5108,20.6644],[77.5153,20.6733],[77.5148,20.676],[77.5131,20.6783],[77.5139,20.6817],[77.5223,20.6807],[77.5381,20.6776],[77.5432,20.6783],[77.5428,20.6846],[77.5411,20.688],[77.5396,20.6965],[77.5235,20.6973],[77.5262,20.7012],[77.5456,20.7026],[77.5497,20.7039],[77.5634,20.701],[77.5653,20.7075],[77.573,20.7054],[77.5746,20.7141],[77.5759,20.7184],[77.5774,20.7192],[77.5779,20.7269]],[[77.5933,20.4588],[77.6039,20.4569],[77.6045,20.4618],[77.6035,20.4642],[77.6045,20.4668],[77.5933,20.4682],[77.5903,20.4675],[77.5879,20.4643],[77.588,20.4628],[77.5895,20.4619],[77.589,20.4603],[77.5933,20.4588]]],[[[77.6339,20.7557],[77.6315,20.7381],[77.629,20.7386],[77.6279,20.7375],[77.6256,20.7373],[77.6245,20.7324],[77.6234,20.73],[77.6121,20.7308],[77.6129,20.7365],[77.6146,20.7366],[77.6157,20.7431],[77.618,20.7503],[77.6184,20.7532],[77.6192,20.7531],[77.6198,20.757],[77.6339,20.7557]]]]}},{"type":"Feature","properties":{"district":"Yavatmal"},"geometry":{"type":"MultiPolygon","coordinates":[[[[78.2589,20.698],[78.2769,20.6962],[78.2777,20.6932],[78.2772,20.6897],[78.2762,20.688],[78.2693,20.6835],[78.2669,20.6805],[78.2665,20.6764],[78.2679,20.6728],[78.2699,20.6701],[78.2702,20.6683],[78.2649,20.6599],[78.2583,20.6539],[78.2511,20.6489],[78.2492,20.6467],[78.2487,20.6441],[78.2533,20.6351],[78.252,20.6282],[78.2517,20.6149],[78.2533,20.6116],[78.2576,20.6073],[78.2595,20.6019],[78.2588,20.5998],[78.2568,20.5979],[78.2625,20.5876],[78.2633,20.5785],[78.2747,20.5706],[78.2752,20.5689],[78.2751,20.5653],[78.28,20.5602],[78.2848,20.5591],[78.292,20.561],[78.2937,20.5607],[78.2948,20.5599],[78.2964,20.5566],[78.298,20.5556],[78.3055,20.5536],[78.3081,20.552],[78.3131,20.5504],[78.3185,20.5501],[78.3223,20.5492],[78.3258,20.547],[78.3334,20.5454],[78.342,20.5414],[78.3455,20.539],[78.3467,20.538],[78.3491,20.533],[78.3511,20.5313],[78.3556,20.529],[78.3587,20.5284],[78.3602,20.5289],[78.3636,20.5335],[78.3651,20.5345],[78.3679,20.5338],[78.3766,20.5305],[78.3802,20.5285],[78.3822,20.5258],[78.3829,20.522],[78.3851,20.5199],[78.3884,20.5189],[78.3954,20.5182],[78.4046,20.5132],[78.4099,20.5119],[78.4164,20.5125],[78.4203,20.5135],[78.4308,20.5188],[78.4336,20.5195],[78.4372,20.5182],[78.4422,20.5139],[78.4504,20.5129],[78.4531,20.5157],[78.4563,20.5164],[78.466,20.5222],[78.4701,20.5272],[78.4741,20.5282],[78.4849,20.5285],[78.495,20.5224],[78.5016,20.5226],[78.5053,20.5235],[78.5085,20.5232],[78.509,20.517],[78.5122,20.5141],[78.5162,20.5127],[78.5176,20.5087],[78.5178,20.5063],[78.5214,20.5012],[78.5217,20.4996],[78.5206,20.4945],[78.5214,20.4921],[78.5262,20.4881],[78.528,20.4857],[78.533,20.4838],[78.5352,20.4806],[78.536,20.4781],[78.5346,20.4737],[78.5342,20.4691],[78.5357,20.4663],[78.5443,20.4581],[78.5452,20.4551],[78.5461,20.4543],[78.5534,20.4525],[78.5553,20.4513],[78.559,20.4471],[78.561,20.4421],[78.5638,20.4396],[78.5802,20.4331],[78.5877,20.4336],[78.5952,20.432],[78.6062,20.4316],[78.6089,20.4328],[78.6094,20.4337],[78.6096,20.4348],[78.6081,20.4398],[78.6089,20.4426],[78.6103,20.4443],[78.612,20.4449],[78.6144,20.4434],[78.6147,20.4399],[78.6167,20.4366],[78.6193,20.4356],[78.6274,20.4353],[78.6342,20.4366],[78.6403,20.4367],[78.6473,20.4353],[78.6483,20.4345],[78.6482,20.429],[78.6464,20.4288],[78.6437,20.4245],[78.6455,20.4202],[78.6483,20.4182],[78.655,20.4157],[78.6591,20.4119],[78.6614,20.4005],[78.6632,20.396],[78.6781,20.3835],[78.6829,20.3762],[78.6886,20.3707],[78.6897,20.3686],[78.6885,20.3611],[78.6893,20.3592],[78.6906,20.358],[78.6945,20.3565],[78.7037,20.3539],[78.7071,20.3514],[78.7083,20.3498],[78.7103,20.3404],[78.7102,20.3374],[78.7078,20.329],[78.7075,20.3265],[78.7084,20.3208],[78.7061,20.3151],[78.7061,20.3122],[78.7077,20.3111],[78.7155,20.3106],[78.722,20.3074],[78.7291,20.3067],[78.731,20.3047],[78.7331,20.2977],[78.7351,20.2947],[78.7368,20.2938],[78.7413,20.2942],[78.7432,20.2961],[78.746,20.2977],[78.7494,20.2979],[78.7524,20.2973],[78.7582,20.2948],[78.7621,20.2945],[78.7665,20.2951],[78.7714,20.2973],[78.7762,20.3007],[78.7792,20.3004],[78.7887,20.2974],[78.7959,20.2997],[78.7998,20.2994],[78.8096,20.2864],[78.8137,20.2828],[78.8171,20.2809],[78.8194,20.2785],[78.8203,20.2749],[78.8201,20.2733],[78.813,20.2645],[78.812,20.2603],[78.8121,20.2574],[78.8135,20.2545],[78.818,20.2506],[78.8206,20.2501],[78.8348,20.2501],[78.8516,20.2537],[78.8581,20.2541],[78.8708,20.2529],[78.8818,20.25],[78.8948,20.2496],[78.8992,20.2506],[78.9083,20.2552],[78.9152,20.2559],[78.92,20.2543],[78.9222,20.2502],[78.9212,20.2424],[78.9227,20.2385],[78.9296,20.2335],[78.935,20.2312],[78.9375,20.2294],[78.9381,20.2278],[78.9379,20.223],[78.9395,20.2203],[78.9561,20.2137],[78.9602,20.2108],[78.9623,20.2079],[78.9624,20.2054],[78.9604,20.2016],[78.9546,20.195],[78.9548,20.1911],[78.9577,20.1838],[78.9541,20.1764],[78.9537,20.1722],[78.9556,20.1694],[78.9575,20.1679],[78.9664,20.1657],[78.9728,20.1627],[78.979,20.1549],[78.9812,20.15],[78.9808,20.1481],[78.9795,20.1472],[78.9765,20.1462],[78.9716,20.1461],[78.9694,20.1442],[78.9686,20.141],[78.9679,20.1324],[78.9687,20.1297],[78.9702,20.1275],[78.973,20.1257],[78.9772,20.1244],[78.9814,20.1255],[78.9851,20.1281],[78.9888,20.1292],[78.9963,20.128],[78.9998,20.1266],[79.008,20.1192],[79.0207,20.111],[79.0306,20.0974],[79.033,20.095],[79.0391,20.0905],[79.0464,20.0879],[79.0475,20.087],[79.0481,20.0851],[79.0476,20.0799],[79.0437,20.0743],[79.0439,20.0705],[79.0452,20.0686],[79.0484,20.0671],[79.0587,20.0661],[79.0615,20.067],[79.0649,20.0708],[79.0666,20.071],[79.0679,20.0702],[79.0727,20.0635],[79.072,20.057],[79.0726,20.053],[79.0776,20.0467],[79.0798,20.0417],[79.0807,20.0365],[79.0807,20.0285],[79.082,20.0249],[79.091,20.018],[79.0988,20.0162],[79.1076,20.0087],[79.109,20.0021],[79.1124,19.9948],[79.1126,19.9936],[79.1118,19.9909],[79.1095,19.988],[79.1049,19.9901],[79.1019,19.9901],[79.0936,19.9849],[79.0923,19.9834],[79.092,19.9823],[79.0929,19.9782],[79.0975,19.9776],[79.1033,19.9748],[79.108,19.9738],[79.109,19.9706],[79.1071,19.9652],[79.1024,19.9578],[79.0986,19.9559],[79.0907,19.9505],[79.089,19.9482],[79.0901,19.9432],[79.0887,19.9336],[79.0888,19.9292],[79.0894,19.9241],[79.0911,19.9176],[79.092,19.9165],[79.0937,19.916],[79.101,19.9176],[79.1085,19.9076],[79.1117,19.9054],[79.1198,19.904],[79.1307,19.9001],[79.1317,19.9003],[79.1479,19.8975],[79.1492,19.8968],[79.1491,19.8949],[79.1445,19.8857],[79.1412,19.8808],[79.1371,19.8777],[79.1347,19.872],[79.1337,19.8676],[79.1272,19.8643],[79.1183,19.8612],[79.1155,19.858],[79.1118,19.8506],[79.1036,19.8461],[79.0979,19.8422],[79.0944,19.8418],[79.0903,19.8428],[79.0892,19.8424],[79.0886,19.841],[79.0887,19.8357],[79.0857,19.8303],[79.083,19.827],[79.0719,19.8179],[79.069,19.8171],[79.0612,19.8171],[79.0554,19.8184],[79.0483,19.8221],[79.0433,19.8221],[79.0356,19.8176],[79.0331,19.8133],[79.0311,19.8059],[79.0273,19.8021],[79.0237,19.8005],[79.0178,19.801],[79.0112,19.8061],[79.0025,19.8075],[78.9922,19.8064],[78.9684,19.8071],[78.9646,19.8062],[78.955,19.8009],[78.9518,19.7985],[78.9469,19.7914],[78.9406,19.7855],[78.9383,19.7814],[78.9376,19.7787],[78.9377,19.7742],[78.9389,19.771],[78.9411,19.7687],[78.9477,19.7641],[78.9494,19.7622],[78.9509,19.7577],[78.9508,19.7549],[78.949,19.7505],[78.9468,19.7489],[78.9447,19.7484],[78.9305,19.7491],[78.9245,19.7485],[78.9184,19.7461],[78.9093,19.7392],[78.9007,19.7373],[78.8954,19.739],[78.887,19.7462],[78.8821,19.7468],[78.8799,19.7483],[78.879,19.75],[78.879,19.752],[78.8814,19.7641],[78.8806,19.766],[78.8783,19.7672],[78.8702,19.7682],[78.8632,19.7711],[78.8563,19.7713],[78.8544,19.7707],[78.8467,19.7637],[78.8409,19.7617],[78.8364,19.7612],[78.8335,19.7601],[78.8259,19.7551],[78.8243,19.7558],[78.8185,19.7616],[78.8169,19.7618],[78.8147,19.7615],[78.8069,19.7569],[78.8043,19.7563],[78.8022,19.7565],[78.7969,19.76],[78.7956,19.7673],[78.7863,19.7765],[78.7824,19.7784],[78.7773,19.7799],[78.7711,19.7794],[78.7653,19.7769],[78.759,19.7727],[78.7564,19.7725],[78.7517,19.7747],[78.7476,19.78],[78.7461,19.7812],[78.7431,19.7827],[78.7389,19.7832],[78.735,19.7826],[78.73,19.7802],[78.7286,19.7786],[78.7264,19.7722],[78.7241,19.7677],[78.7223,19.7665],[78.7197,19.7665],[78.7113,19.7695],[78.7061,19.7723],[78.7048,19.7744],[78.7032,19.7823],[78.7017,19.7862],[78.6989,19.7886],[78.6917,19.7913],[78.6818,19.7939],[78.6751,19.7949],[78.6731,19.7966],[78.6663,19.7997],[78.662,19.8003],[78.6551,19.8002],[78.6427,19.8078],[78.64,19.8071],[78.6353,19.8078],[78.6255,19.8082],[78.619,19.81],[78.6152,19.8119],[78.6106,19.8167],[78.6036,19.8184],[78.5926,19.8175],[78.5885,19.8188],[78.5861,19.8188],[78.5797,19.8181],[78.5723,19.8159],[78.5659,19.8185],[78.5632,19.8211],[78.5527,19.824],[78.5495,19.8242],[78.5423,19.8238],[78.5379,19.82],[78.5317,19.8186],[78.5153,19.819],[78.5122,19.8143],[78.5089,19.812],[78.5085,19.8],[78.5072,19.7976],[78.5037,19.7955],[78.4952,19.7926],[78.4902,19.7927],[78.4873,19.794],[78.485,19.7961],[78.484,19.7983],[78.4831,19.8038],[78.4757,19.8146],[78.4725,19.8173],[78.4692,19.8177],[78.4539,19.813],[78.4392,19.8134],[78.4317,19.8149],[78.423,19.8176],[78.4153,19.8241],[78.4003,19.834],[78.3918,19.8421],[78.3874,19.8446],[78.386,19.8461],[78.3844,19.8521],[78.3824,19.8551],[78.3818,19.857],[78.3818,19.8618],[78.3829,19.8626],[78.3816,19.868],[78.383,19.8739],[78.3824,19.8773],[78.3807,19.8804],[78.3768,19.8812],[78.3696,19.8798],[78.3649,19.8809],[78.3604,19.8834],[78.3527,19.8825],[78.3369,19.883],[78.3351,19.8842],[78.3321,19.8849],[78.3288,19.8871],[78.3263,19.8902],[78.3247,19.8934],[78.3247,19.8974],[78.3272,19.9001],[78.3333,19.9041],[78.3341,19.9057],[78.3337,19.9091],[78.3318,19.9134],[78.3292,19.9157],[78.3264,19.9166],[78.3198,19.9167],[78.307,19.9143],[78.2998,19.9122],[78.2832,19.9057],[78.2817,19.9036],[78.2807,19.9005],[78.2793,19.882],[78.2757,19.8754],[78.2727,19.8723],[78.269,19.8698],[78.2648,19.868],[78.2589,19.8665],[78.252,19.8657],[78.2496,19.8662],[78.2475,19.8678],[78.2439,19.8719],[78.2422,19.8755],[78.2412,19.8839],[78.2421,19.8865],[78.244,19.889],[78.2482,19.8938],[78.2545,19.8994],[78.2563,19.9036],[78.2567,19.9082],[78.2557,19.9166],[78.2526,19.924],[78.2507,19.9244],[78.2459,19.9226],[78.2414,19.9187],[78.2346,19.9113],[78.2323,19.91],[78.2204,19.9098],[78.2165,19.9089],[78.207,19.8997],[78.2043,19.8984],[78.1917,19.8961],[78.1889,19.8963],[78.1853,19.8981],[78.1789,19.904],[78.1757,19.9049],[78.157,19.9069],[78.1479,19.9102],[78.1424,19.9106],[78.1397,19.9098],[78.1369,19.9073],[78.1309,19.8978],[78.1271,19.8943],[78.1154,19.8928],[78.1066,19.8908],[78.0992,19.8908],[78.094,19.8922],[78.0803,19.8939],[78.075,19.8957],[78.0649,19.9053],[78.0592,19.9125],[78.0581,19.9162],[78.0579,19.9209],[78.0548,19.9234],[78.049,19.9235],[78.0331,19.9199],[78.0255,19.9166],[78.0233,19.9145],[78.0213,19.9103],[78.0201,19.9094],[78.0146,19.9077],[78.01,19.908],[77.9989,19.9114],[77.9788,19.9087],[77.9711,19.906],[77.9675,19.9055],[77.9612,19.9062],[77.9563,19.9088],[77.9524,19.9089],[77.9489,19.9066],[77.9431,19.9008],[77.9398,19.8945],[77.9361,19.8918],[77.9318,19.8909],[77.9287,19.8912],[77.9251,19.8906],[77.9227,19.8892],[77.9177,19.8842],[77.9036,19.8813],[77.8962,19.8753],[77.8939,19.8721],[77.891,19.8663],[77.8875,19.8624],[77.8799,19.8503],[77.8753,19.8478],[77.8741,19.8463],[77.8732,19.8405],[77.8704,19.8336],[77.8704,19.8216],[77.8699,19.8207],[77.8531,19.8051],[77.8496,19.8015],[77.8483,19.7981],[77.8518,19.7851],[77.8551,19.7821],[77.8614,19.7786],[77.8634,19.7741],[77.864,19.7709],[77.8637,19.7675],[77.8608,19.7606],[77.858,19.7514],[77.8592,19.7466],[77.8634,19.7427],[77.8666,19.7415],[77.8744,19.7445],[77.8765,19.7441],[77.8782,19.7414],[77.8786,19.7372],[77.8796,19.735],[77.8846,19.7308],[77.8885,19.7263],[77.8898,19.7259],[77.8918,19.7256],[77.8943,19.7271],[77.8968,19.7326],[77.8977,19.7332],[77.9018,19.7337],[77.9041,19.7331],[77.9128,19.7291],[77.9142,19.729],[77.9189,19.7317],[77.9252,19.7372],[77.9302,19.7385],[77.9335,19.7375],[77.9382,19.7345],[77.9473,19.73],[77.951,19.7263],[77.9571,19.7179],[77.9632,19.7066],[77.9695,19.7028],[77.9778,19.7018],[77.9801,19.6999],[77.9822,19.6959],[77.9826,19.692],[77.981,19.681],[77.9818,19.6793],[77.9849,19.6764],[77.9899,19.6732],[77.9951,19.6723],[78.0005,19.6726],[78.0052,19.6754],[78.0164,19.6852],[78.0308,19.6925],[78.0384,19.6925],[78.0487,19.6901],[78.0511,19.6876],[78.0545,19.6804],[78.0562,19.6748],[78.0564,19.6712],[78.0549,19.6661],[78.0559,19.6626],[78.0575,19.6619],[78.0653,19.6621],[78.0705,19.6594],[78.0757,19.652],[78.0786,19.643],[78.0802,19.6409],[78.0818,19.6395],[78.0873,19.637],[78.0934,19.6366],[78.0962,19.6383],[78.0982,19.649],[78.1053,19.656],[78.1089,19.6564],[78.1202,19.6505],[78.1237,19.6508],[78.1273,19.655],[78.1291,19.6629],[78.1303,19.6645],[78.1345,19.6643],[78.1371,19.6625],[78.1513,19.658],[78.1638,19.655],[78.1698,19.6517],[78.1754,19.6512],[78.1785,19.6502],[78.1797,19.6492],[78.1866,19.637],[78.1893,19.6286],[78.1917,19.6238],[78.1955,19.6186],[78.1965,19.6157],[78.1966,19.6138],[78.1947,19.6098],[78.1936,19.6046],[78.191,19.6001],[78.1898,19.5968],[78.1917,19.5872],[78.1901,19.5831],[78.1857,19.5794],[78.1849,19.5762],[78.1848,19.5744],[78.1881,19.5702],[78.1894,19.5662],[78.1894,19.5629],[78.1882,19.5584],[78.1862,19.5564],[78.1837,19.5555],[78.1811,19.5548],[78.1748,19.5552],[78.1728,19.5545],[78.1663,19.5516],[78.1592,19.5467],[78.1514,19.5452],[78.1468,19.5452],[78.1437,19.5459],[78.1384,19.5487],[78.1286,19.5511],[78.1231,19.55],[78.1199,19.5472],[78.1193,19.5446],[78.1206,19.542],[78.1332,19.5315],[78.1344,19.5298],[78.1351,19.5264],[78.1345,19.5187],[78.1309,19.5152],[78.123,19.5103],[78.1188,19.4928],[78.1153,19.4898],[78.1137,19.4875],[78.1123,19.4833],[78.1109,19.4819],[78.1088,19.481],[78.1037,19.481],[78.0978,19.4838],[78.0955,19.4839],[78.0891,19.4786],[78.0865,19.4752],[78.0741,19.4666],[78.0675,19.4586],[78.063,19.4598],[78.0552,19.4657],[78.0519,19.4692],[78.0439,19.4745],[78.0388,19.4792],[78.0309,19.4882],[78.0261,19.4898],[78.0237,19.4897],[78.0189,19.4881],[78.0169,19.4859],[78.0153,19.4809],[78.0155,19.4694],[78.0166,19.4608],[78.015,19.4558],[78.0132,19.4542],[78.0068,19.4528],[77.9937,19.4542],[77.9919,19.4563],[77.9851,19.4608],[77.983,19.464],[77.983,19.4665],[77.9886,19.4752],[77.9875,19.4793],[77.9823,19.4833],[77.9753,19.493],[77.9732,19.4978],[77.9726,19.5074],[77.9709,19.5089],[77.9591,19.5115],[77.9538,19.5119],[77.9466,19.5072],[77.939,19.4974],[77.9366,19.4987],[77.9352,19.5047],[77.9298,19.5085],[77.917,19.5152],[77.9144,19.5176],[77.913,19.5202],[77.91,19.533],[77.9079,19.5342],[77.9064,19.5343],[77.9031,19.5328],[77.9004,19.526],[77.8967,19.5223],[77.8897,19.5199],[77.8883,19.5172],[77.8873,19.506],[77.8862,19.5046],[77.8807,19.5021],[77.8796,19.502],[77.8773,19.5041],[77.8771,19.5077],[77.8782,19.5122],[77.8769,19.5154],[77.8666,19.5167],[77.8613,19.5215],[77.8594,19.5224],[77.8565,19.5224],[77.8522,19.5198],[77.8425,19.511],[77.8413,19.5057],[77.8436,19.4949],[77.843,19.4901],[77.842,19.4879],[77.8396,19.4845],[77.8381,19.4838],[77.836,19.4834],[77.8321,19.4842],[77.8298,19.484],[77.8275,19.4827],[77.8249,19.4799],[77.8248,19.4776],[77.8305,19.4687],[77.8327,19.4664],[77.8353,19.4641],[77.8431,19.4594],[77.8452,19.4568],[77.8464,19.4531],[77.8455,19.4513],[77.8376,19.4495],[77.8344,19.4459],[77.8337,19.4419],[77.833,19.4404],[77.8312,19.439],[77.826,19.4381],[77.8217,19.439],[77.8185,19.4412],[77.8166,19.4448],[77.8162,19.4509],[77.8128,19.4583],[77.8078,19.4643],[77.8068,19.4645],[77.8038,19.4641],[77.8003,19.4607],[77.7998,19.4546],[77.7988,19.4522],[77.7987,19.45],[77.7949,19.4498],[77.7933,19.4503],[77.7867,19.4496],[77.7835,19.4474],[77.7776,19.4416],[77.7746,19.44],[77.7691,19.4387],[77.7629,19.4348],[77.7508,19.4309],[77.7472,19.4306],[77.7439,19.4321],[77.7408,19.4378],[77.7382,19.4379],[77.7342,19.4352],[77.7308,19.4344],[77.7271,19.4345],[77.716,19.4366],[77.7055,19.4366],[77.6963,19.4397],[77.6947,19.4424],[77.6965,19.4469],[77.6946,19.4529],[77.6954,19.4573],[77.7098,19.4685],[77.7111,19.4712],[77.7112,19.4762],[77.7119,19.4779],[77.7147,19.4786],[77.7191,19.4746],[77.7235,19.4745],[77.7265,19.4763],[77.7296,19.4805],[77.731,19.481],[77.7363,19.481],[77.7384,19.4826],[77.7395,19.4844],[77.739,19.4864],[77.7362,19.4887],[77.7336,19.4944],[77.7342,19.4967],[77.7355,19.4986],[77.747,19.5045],[77.7508,19.5135],[77.7499,19.5186],[77.7451,19.5257],[77.7282,19.5323],[77.7268,19.532],[77.7173,19.5264],[77.7116,19.5255],[77.71,19.5248],[77.7086,19.5231],[77.7058,19.5221],[77.7044,19.5237],[77.7042,19.5254],[77.706,19.5299],[77.7062,19.5332],[77.6978,19.5389],[77.694,19.54],[77.6742,19.539],[77.6674,19.5425],[77.6628,19.5456],[77.6513,19.5496],[77.6473,19.5495],[77.6413,19.5477],[77.6384,19.5482],[77.6312,19.5537],[77.6308,19.5546],[77.6312,19.5562],[77.6326,19.5577],[77.6339,19.5582],[77.6369,19.5578],[77.6402,19.5557],[77.6423,19.5553],[77.6479,19.5563],[77.6487,19.5582],[77.645,19.5704],[77.6412,19.5792],[77.6406,19.5868],[77.6381,19.592],[77.6377,19.5947],[77.6379,19.6001],[77.643,19.6033],[77.6438,19.6076],[77.6426,19.6093],[77.6383,19.6104],[77.6349,19.6093],[77.629,19.6059],[77.6275,19.6064],[77.6267,19.608],[77.6279,19.6186],[77.6265,19.6235],[77.6251,19.6264],[77.6242,19.6269],[77.6159,19.627],[77.614,19.6277],[77.613,19.6289],[77.6121,19.6318],[77.6124,19.6329],[77.6157,19.6356],[77.6165,19.6382],[77.6145,19.6391],[77.6095,19.6383],[77.6059,19.6407],[77.6055,19.6425],[77.6076,19.6476],[77.6064,19.6486],[77.6049,19.6483],[77.6021,19.6437],[77.5981,19.6423],[77.5963,19.6429],[77.5955,19.6441],[77.5955,19.648],[77.5938,19.6507],[77.5915,19.6517],[77.5858,19.65],[77.5828,19.6506],[77.5815,19.6556],[77.5803,19.6572],[77.5791,19.6573],[77.5769,19.6571],[77.5755,19.6558],[77.5736,19.6516],[77.5718,19.6505],[77.5662,19.6496],[77.5547,19.6509],[77.5524,19.6524],[77.5522,19.6556],[77.5507,19.6583],[77.5511,19.6598],[77.5526,19.6603],[77.5519,19.6616],[77.5512,19.6621],[77.5449,19.6605],[77.5413,19.6605],[77.5402,19.6615],[77.5383,19.6689],[77.5371,19.6696],[77.5314,19.668],[77.5281,19.6683],[77.5169,19.6709],[77.5101,19.6742],[77.5041,19.6737],[77.5024,19.6757],[77.5019,19.6774],[77.4997,19.679],[77.4888,19.6797],[77.4843,19.6784],[77.4828,19.6772],[77.4791,19.679],[77.4786,19.6824],[77.4755,19.6835],[77.467,19.6812],[77.463,19.6809],[77.4601,19.6816],[77.4514,19.688],[77.4485,19.6893],[77.4458,19.6891],[77.4436,19.6898],[77.4424,19.6923],[77.4429,19.6943],[77.4488,19.6992],[77.4495,19.7005],[77.4469,19.7051],[77.4455,19.7121],[77.4438,19.7134],[77.4411,19.7142],[77.4408,19.7177],[77.4394,19.7207],[77.4387,19.7252],[77.4375,19.7261],[77.4334,19.7269],[77.432,19.7286],[77.4317,19.7305],[77.4196,19.7339],[77.4144,19.7368],[77.4124,19.7395],[77.4137,19.7421],[77.4134,19.7432],[77.4103,19.7455],[77.4091,19.7456],[77.401,19.7388],[77.3934,19.7281],[77.3883,19.7261],[77.3844,19.7258],[77.3834,19.7274],[77.3804,19.7294],[77.3799,19.7312],[77.3814,19.739],[77.3776,19.7438],[77.3765,19.7481],[77.378,19.7531],[77.3826,19.7618],[77.3832,19.7661],[77.3854,19.767],[77.3932,19.7681],[77.3989,19.7663],[77.4009,19.7667],[77.4022,19.7676],[77.4044,19.7722],[77.4046,19.7746],[77.4042,19.778],[77.4009,19.7813],[77.3916,19.7818],[77.3836,19.7841],[77.381,19.784],[77.3782,19.7858],[77.3777,19.7869],[77.3776,19.7893],[77.3789,19.7945],[77.3833,19.8052],[77.3842,19.8099],[77.3906,19.8128],[77.391,19.814],[77.3877,19.8231],[77.3849,19.8239],[77.379,19.8227],[77.3765,19.8229],[77.3729,19.8246],[77.367,19.8261],[77.3568,19.8177],[77.3538,19.8174],[77.3504,19.8196],[77.3494,19.8225],[77.3478,19.8249],[77.3465,19.8255],[77.344,19.8254],[77.3404,19.8313],[77.3402,19.8343],[77.3415,19.8362],[77.3436,19.8369],[77.3577,19.8352],[77.3608,19.8363],[77.3609,19.8373],[77.3586,19.8418],[77.3522,19.8475],[77.3517,19.8498],[77.3551,19.8524],[77.3636,19.8555],[77.364,19.8589],[77.362,19.8615],[77.3515,19.8614],[77.3449,19.8639],[77.3435,19.8692],[77.3465,19.8743],[77.346,19.8765],[77.3445,19.8775],[77.3325,19.8781],[77.3255,19.8874],[77.319,19.8896],[77.3113,19.884],[77.3077,19.8827],[77.2953,19.8843],[77.2919,19.8911],[77.2921,19.8932],[77.2935,19.8953],[77.297,19.8959],[77.3109,19.8937],[77.3122,19.8941],[77.3129,19.8963],[77.3105,19.9039],[77.3124,19.9096],[77.3129,19.9141],[77.3107,19.9152],[77.3066,19.9144],[77.2979,19.9062],[77.2928,19.9035],[77.2902,19.9038],[77.284,19.9059],[77.2828,19.9081],[77.2826,19.9102],[77.2832,19.9131],[77.2836,19.9127],[77.2834,19.9164],[77.2845,19.9254],[77.2844,19.9371],[77.2878,19.9377],[77.2926,19.9398],[77.2991,19.9439],[77.3032,19.9533],[77.3038,19.9653],[77.3176,19.9625],[77.3219,19.9593],[77.3213,19.9651],[77.3246,19.9736],[77.3309,19.9749],[77.3317,19.9735],[77.3347,19.9735],[77.3372,19.9746],[77.3364,19.9904],[77.3372,19.9931],[77.3373,19.997],[77.3396,20.0029],[77.3408,20.0045],[77.341,20.004],[77.3415,20.0057],[77.3407,20.0072],[77.3408,20.0084],[77.343,20.0081],[77.3479,20.0098],[77.3492,20.0113],[77.3497,20.0137],[77.3539,20.0129],[77.3553,20.0141],[77.3555,20.0164],[77.3541,20.0202],[77.3579,20.0248],[77.3605,20.0262],[77.3726,20.0469],[77.3698,20.0489],[77.3684,20.0511],[77.3631,20.0562],[77.3537,20.0628],[77.3542,20.0633],[77.3537,20.0645],[77.3524,20.0643],[77.3532,20.0671],[77.3521,20.0704],[77.3538,20.0708],[77.3562,20.0773],[77.3607,20.0793],[77.3647,20.0823],[77.3692,20.0891],[77.3682,20.0941],[77.3648,20.0983],[77.3661,20.0982],[77.3766,20.0906],[77.3834,20.0865],[77.3886,20.0862],[77.4057,20.083],[77.4078,20.0837],[77.4079,20.0828],[77.4107,20.0822],[77.4116,20.0826],[77.4142,20.0807],[77.4162,20.0804],[77.4184,20.0784],[77.4212,20.0787],[77.423,20.0773],[77.4393,20.0731],[77.4402,20.074],[77.4421,20.0735],[77.444,20.0723],[77.4449,20.0708],[77.4461,20.0704],[77.4526,20.0704],[77.4595,20.0694],[77.4643,20.0695],[77.4723,20.078],[77.4767,20.0804],[77.4793,20.0844],[77.4815,20.081],[77.4856,20.0773],[77.4944,20.0788],[77.4987,20.0851],[77.5087,20.089],[77.513,20.0914],[77.5195,20.0935],[77.5248,20.0981],[77.5243,20.0955],[77.5263,20.0903],[77.5303,20.085],[77.5364,20.0797],[77.5366,20.0764],[77.5399,20.0718],[77.5401,20.0699],[77.5438,20.067],[77.5502,20.0655],[77.5516,20.0591],[77.5537,20.0571],[77.5523,20.0556],[77.5541,20.0522],[77.5549,20.0475],[77.5602,20.0483],[77.5658,20.0425],[77.5684,20.0428],[77.5704,20.0404],[77.5721,20.0358],[77.5754,20.0324],[77.5807,20.0288],[77.5846,20.0335],[77.5901,20.0321],[77.5956,20.0361],[77.5962,20.0378],[77.601,20.0346],[77.6038,20.0363],[77.6076,20.0359],[77.6115,20.0385],[77.614,20.0374],[77.6152,20.0404],[77.6192,20.0402],[77.6242,20.0415],[77.6271,20.0458],[77.63,20.0453],[77.6374,20.0547],[77.6372,20.0585],[77.6402,20.0607],[77.6409,20.0644],[77.6405,20.0737],[77.6416,20.0751],[77.6495,20.0769],[77.6513,20.0784],[77.6529,20.0784],[77.6544,20.0804],[77.6553,20.08],[77.6551,20.0855],[77.6567,20.0977],[77.6598,20.0961],[77.6597,20.0997],[77.6621,20.0983],[77.665,20.0989],[77.6664,20.0983],[77.6667,20.1004],[77.6689,20.1019],[77.6693,20.1061],[77.6699,20.1067],[77.6696,20.1086],[77.6712,20.1128],[77.6714,20.1152],[77.6703,20.1198],[77.6775,20.1306],[77.6821,20.141],[77.682,20.1443],[77.6758,20.144],[77.6738,20.1477],[77.6754,20.1534],[77.6765,20.1535],[77.6771,20.1549],[77.6779,20.1591],[77.6775,20.1614],[77.6795,20.1667],[77.6793,20.1673],[77.6762,20.1678],[77.6752,20.1671],[77.6746,20.1682],[77.6717,20.1687],[77.6721,20.17],[77.6679,20.171],[77.6682,20.1724],[77.663,20.1736],[77.6613,20.1738],[77.6597,20.1722],[77.6558,20.1725],[77.6526,20.1717],[77.6519,20.1722],[77.6523,20.1741],[77.649,20.1752],[77.6495,20.1857],[77.6442,20.1869],[77.6448,20.1881],[77.6466,20.1895],[77.6486,20.1937],[77.65,20.1941],[77.6514,20.1975],[77.6529,20.1974],[77.6549,20.1993],[77.6551,20.2005],[77.6558,20.2004],[77.6578,20.2073],[77.6533,20.209],[77.6522,20.2105],[77.6531,20.2127],[77.6527,20.2147],[77.6588,20.2266],[77.6591,20.2295],[77.6654,20.2415],[77.6659,20.2442],[77.6654,20.2474],[77.6576,20.2493],[77.6436,20.2506],[77.6335,20.2614],[77.6211,20.2621],[77.6103,20.2641],[77.6095,20.2717],[77.6103,20.2788],[77.5985,20.282],[77.5979,20.2821],[77.5974,20.2807],[77.5943,20.2807],[77.5948,20.2865],[77.5938,20.2924],[77.5946,20.2977],[77.5938,20.2991],[77.5948,20.303],[77.5926,20.3051],[77.5896,20.3065],[77.5879,20.3065],[77.588,20.3088],[77.5861,20.3115],[77.5833,20.3213],[77.5831,20.3228],[77.5844,20.327],[77.579,20.3265],[77.5752,20.3309],[77.5722,20.3288],[77.5707,20.3293],[77.5691,20.3287],[77.5675,20.3296],[77.5679,20.3394],[77.5673,20.3452],[77.569,20.3526],[77.5685,20.3579],[77.5695,20.3588],[77.5687,20.36],[77.5747,20.3658],[77.5789,20.3723],[77.5763,20.3728],[77.5719,20.3858],[77.573,20.3951],[77.5741,20.399],[77.5739,20.4007],[77.5766,20.4022],[77.5805,20.4069],[77.5812,20.4095],[77.5808,20.4136],[77.5814,20.4153],[77.5839,20.4173],[77.5894,20.416],[77.5939,20.4129],[77.5958,20.4123],[77.5961,20.4174],[77.5951,20.4196],[77.5923,20.4212],[77.5902,20.4292],[77.5931,20.4288],[77.6027,20.4359],[77.6037,20.4356],[77.6038,20.4418],[77.6016,20.4462],[77.5963,20.4482],[77.5979,20.448],[77.6035,20.4513],[77.6055,20.4559],[77.6124,20.4556],[77.6136,20.461],[77.6165,20.4607],[77.6218,20.4587],[77.6252,20.4586],[77.627,20.4579],[77.6297,20.4555],[77.6327,20.455],[77.6348,20.4525],[77.6429,20.4503],[77.6453,20.4552],[77.6492,20.4596],[77.6494,20.4661],[77.6484,20.4719],[77.6505,20.4762],[77.654,20.4806],[77.6558,20.4949],[77.6529,20.4952],[77.6534,20.4979],[77.655,20.4977],[77.6578,20.5002],[77.6622,20.5002],[77.6643,20.506],[77.6639,20.5084],[77.6649,20.5125],[77.6672,20.5171],[77.6733,20.5192],[77.6817,20.5204],[77.6857,20.5194],[77.6897,20.5241],[77.6907,20.534],[77.6767,20.5383],[77.6688,20.54],[77.6557,20.5338],[77.6536,20.5313],[77.6429,20.5317],[77.6437,20.5363],[77.647,20.5452],[77.6492,20.5539],[77.6504,20.564],[77.6592,20.5639],[77.6596,20.569],[77.6624,20.5701],[77.6643,20.5735],[77.6662,20.5797],[77.6675,20.5801],[77.6691,20.5786],[77.6713,20.5802],[77.6779,20.5779],[77.683,20.5772],[77.691,20.5776],[77.6908,20.5708],[77.6941,20.5689],[77.7044,20.5649],[77.7115,20.5658],[77.7162,20.5656],[77.7249,20.5633],[77.731,20.5596],[77.7358,20.5612],[77.7412,20.5613],[77.7463,20.552],[77.7512,20.5453],[77.7553,20.5436],[77.7558,20.5437],[77.7562,20.546],[77.764,20.5441],[77.7687,20.5436],[77.7701,20.5388],[77.7749,20.5395],[77.778,20.5392],[77.7801,20.5381],[77.7823,20.5414],[77.7834,20.5446],[77.7852,20.5448],[77.7856,20.5476],[77.7914,20.5605],[77.8048,20.5644],[77.8054,20.5704],[77.809,20.5748],[77.8091,20.5792],[77.8085,20.5813],[77.8107,20.5847],[77.8148,20.5835],[77.8178,20.5816],[77.8218,20.5802],[77.8262,20.575],[77.8327,20.5707],[77.8396,20.5649],[77.8465,20.5686],[77.8478,20.5707],[77.8457,20.5798],[77.8455,20.5865],[77.8462,20.588],[77.8598,20.5908],[77.8674,20.5955],[77.8665,20.6057],[77.8667,20.6089],[77.8676,20.6116],[77.8713,20.6123],[77.8779,20.6101],[77.881,20.6137],[77.8812,20.6162],[77.8824,20.6185],[77.8837,20.6189],[77.886,20.625],[77.8924,20.6247],[77.8927,20.6257],[77.8942,20.6252],[77.8948,20.6258],[77.9005,20.6186],[77.9073,20.6166],[77.9084,20.6156],[77.913,20.608],[77.9175,20.6075],[77.9179,20.6024],[77.9175,20.5992],[77.9138,20.5909],[77.9182,20.5898],[77.9185,20.587],[77.9172,20.5789],[77.9116,20.5674],[77.9128,20.5647],[77.914,20.5645],[77.9146,20.5645],[77.9149,20.5657],[77.9167,20.5662],[77.9206,20.5653],[77.925,20.5667],[77.9239,20.564],[77.9229,20.5637],[77.9223,20.56],[77.9247,20.5591],[77.9256,20.5629],[77.9276,20.5624],[77.9298,20.5706],[77.932,20.5704],[77.9331,20.5777],[77.9409,20.58],[77.9445,20.5795],[77.945,20.5816],[77.9451,20.5805],[77.9461,20.5803],[77.9466,20.5778],[77.9495,20.5799],[77.9507,20.5797],[77.9502,20.5749],[77.9573,20.5789],[77.9593,20.5822],[77.9632,20.5843],[77.9646,20.5839],[77.968,20.5848],[77.9745,20.5891],[77.976,20.5922],[77.9772,20.5934],[77.9766,20.5987],[77.975,20.6001],[77.9769,20.6027],[77.9778,20.6053],[77.9796,20.6073],[77.9826,20.609],[77.983,20.6097],[77.9822,20.6109],[77.9841,20.6118],[77.9852,20.6135],[77.9862,20.6136],[77.9883,20.612],[77.99,20.6131],[77.9951,20.6197],[77.9954,20.6246],[77.9999,20.6227],[78.0008,20.6232],[78.0006,20.6246],[78.0019,20.6251],[78.0103,20.6249],[78.0136,20.6267],[78.0211,20.6268],[78.0208,20.6288],[78.0187,20.6291],[78.019,20.6304],[78.0226,20.631],[78.0233,20.6328],[78.0264,20.6332],[78.0244,20.6366],[78.0225,20.6375],[78.0206,20.6404],[78.0191,20.641],[78.0219,20.6456],[78.0236,20.646],[78.0274,20.6584],[78.0366,20.6593],[78.0366,20.6659],[78.0403,20.6667],[78.0404,20.6672],[78.0472,20.6675],[78.0525,20.6687],[78.0581,20.6686],[78.058,20.6701],[78.063,20.6699],[78.063,20.6725],[78.0655,20.673],[78.0661,20.6721],[78.068,20.6722],[78.0693,20.671],[78.0713,20.671],[78.0719,20.6679],[78.0738,20.6675],[78.0741,20.668],[78.0775,20.6671],[78.0759,20.6664],[78.0757,20.6648],[78.0787,20.6653],[78.0787,20.6641],[78.0802,20.6648],[78.0805,20.6693],[78.0836,20.6695],[78.0838,20.6721],[78.0887,20.672],[78.0882,20.6697],[78.089,20.6693],[78.0909,20.6706],[78.0916,20.6698],[78.095,20.6686],[78.0965,20.6675],[78.0964,20.6669],[78.0995,20.6663],[78.0993,20.6597],[78.098,20.6585],[78.0965,20.6583],[78.0961,20.6527],[78.0933,20.6415],[78.1012,20.6431],[78.1015,20.6406],[78.1107,20.6402],[78.1124,20.6478],[78.1201,20.6468],[78.1294,20.6474],[78.1297,20.6488],[78.1311,20.65],[78.1321,20.6538],[78.1245,20.6594],[78.1248,20.6615],[78.1269,20.6624],[78.1272,20.6631],[78.1312,20.6635],[78.1311,20.664],[78.1419,20.6597],[78.1539,20.6587],[78.1558,20.6583],[78.1558,20.6568],[78.1569,20.6568],[78.1579,20.6593],[78.1577,20.6672],[78.1588,20.6667],[78.1656,20.6671],[78.1659,20.6681],[78.1676,20.6681],[78.1679,20.6689],[78.1706,20.6703],[78.177,20.6697],[78.1771,20.6678],[78.1793,20.6678],[78.1822,20.678],[78.1924,20.6764],[78.2025,20.6758],[78.2059,20.6745],[78.2057,20.6763],[78.21,20.679],[78.2117,20.6923],[78.2211,20.6938],[78.2282,20.6929],[78.2321,20.6914],[78.2332,20.6897],[78.2407,20.6843],[78.2419,20.6868],[78.2484,20.6851],[78.2484,20.6843],[78.2552,20.6836],[78.255,20.6885],[78.2559,20.6915],[78.2593,20.6966],[78.2589,20.698]]],[[[77.6045,20.4668],[77.6035,20.4642],[77.6045,20.4613],[77.6039,20.4569],[77.5947,20.4582],[77.589,20.4603],[77.5895,20.4619],[77.588,20.4628],[77.5879,20.4643],[77.5892,20.4662],[77.5903,20.4675],[77.5919,20.468],[77.6045,20.4668]]]]}}]}